2020-03-21 23:59:59,RT @JoeBiden: Everyone knows that we're facing a real crisis from the coronavirus. But do you know how we got here and what we need to do n‚Ä¶
2020-03-21 23:59:59,"RT @TalkDigitalNet: The Goddard Report with host @jimgoddard3 

#CoronaVirus, #ToxicDrugs, and #FakeNews
How to turn a non-pandemic into a‚Ä¶"
2020-03-21 23:59:59,RT @yashar: The Justice Department has quietly asked Congress for the ability to ask chief judges to detain people indefinitely without tri‚Ä¶
2020-03-21 23:59:59,RT @santo_aol: Robert Reich says airlines ‚Äòshouldn‚Äôt see a dime of taxpayer money‚Äô in a coronavirus bailout https://t.co/UleEi2IR5l
2020-03-21 23:59:59,RT @GCobber99: Coronavirus is spreading fear. Morrison could solve this with the stroke of a pen. People trust  Bowtell and Swan they are t‚Ä¶
2020-03-21 23:59:59,"RT @TheDailyShow: Trump finds a way to sprinkle some racism on the coronavirus pandemic.

Full episode: https://t.co/RZR0J200mv https://t.c‚Ä¶"
2020-03-21 23:59:59,"RT @addicted2newz: The Police in London are trying to brighten the mood.

The are going up and down the Thames in a police boat playing ""Al‚Ä¶"
2020-03-21 23:59:59,RT @GAYSHAWNMENDES: RT to spread awareness for the Coronavirus :) https://t.co/HNLx7fPhC0
2020-03-21 23:59:59,".@thekrissychula My sister @MyOutlanderPurg  and I need you to make a ""Coronavirus / quarantine yourself"" video tha‚Ä¶ https://t.co/iAc8nTTbLn"
2020-03-21 23:59:59,RT @esglaude: DOJ Wants to Suspend Certain Constitutional Rights During Coronavirus Emergency https://t.co/XC7NU86iH2 via @RollingStone
2020-03-21 23:59:59,RT @jappoffjones: Coronavirus Florida: Lake Worth Beach city commission meeting turns ugly https://t.co/bEzaULPOy3
2020-03-21 23:59:59,"RT @ChristinePolon1: I bet he is. 
Bill Gates' charity funding at-home coronavirus test kit for Seattle https://t.co/67FX8fHd9r via @MailOn‚Ä¶"
2020-03-21 23:59:59,RT @JoyceWhiteVance: I know you've seen the advice cautioning you to pay attention to what AG Barr does to further damage the rule of law w‚Ä¶
2020-03-21 23:59:59,"RT @jxeker: hate that ‚Äúshortness of breath‚Äù is a coronavirus symptom, every time i get to the top of the stairs i think i‚Äôve got it then i‚Ä¶"
2020-03-21 23:59:59,"RT @SocialistWitch: Coronavirus is not mother nature's 'cure' for 'evil humans'. 

The Earth doesn't suffer from humanity. It suffers from‚Ä¶"
2020-03-21 23:59:59,"RT @10TV: The U.S. Food and Drug Administration has approved the first rapid coronavirus test, which can produce results in about 45 minute‚Ä¶"
2020-03-21 23:59:59,RT @stayfrea_: News don‚Äôt even tell us the weather nomore they be like good morning CORONAVIRUS
2020-03-21 23:59:59,"RT @spectatorindex: Coronavirus deaths, globally.

January 22nd: 17

February, 21st: 2,360

March 21st: 12,962"
2020-03-21 23:59:59,"RT @EvanAKilgore: The way the #FakeNews handles President Trump's Press Conferences on the Coronavirus are so disgusting.

Every single que‚Ä¶"
2020-03-21 23:59:59,"RT @NorbertElekes: Coronavirus update, Europe:

- Turkey: 277 new cases
- Portugal: 260 new cases
- Norway: 164 new cases
- Czechia: 162 ne‚Ä¶"
2020-03-21 23:59:59,"Excellent news! First point-of-care tests for #COVID19 approved by the FDA. Results available in 45 mins. 
https://t.co/zYuQ3klPEC"
2020-03-21 23:59:59,"If you‚Äôre interested in learning about what coronavirus is and what it does once in the human body, I HIGHLY sugges‚Ä¶ https://t.co/s2aQaC2Tge"
2020-03-21 23:59:59,The Coronavirus isn‚Äôt gonna stop us from shredding the gnar https://t.co/5g8TKpF0lq
2020-03-21 23:59:59,RT @indianz: This just in: Navajo Nation issues ‚ÄúStay at Home Order‚Äù for all residents of the Navajo Nation to fight the spread of COVID-19‚Ä¶
2020-03-21 23:59:59,RT @Rachel_Chason: A mother of three went from making $400 a night to $80 a night to nothing as the pandemic grew ‚Äî and now she‚Äôs not sure‚Ä¶
2020-03-21 23:59:59,"RT @ScottGottliebMD: This was one of the early reports, from January 1st, published in major media on the spark that lit the global #corona‚Ä¶"
2020-03-21 23:59:59,RT @BettySwernofsky: HuffPo Reporter: The Democrats' Response to the Wuhan Coronavirus Outbreak Has Been Disastrous  https://t.co/M6BzibEnbo
2020-03-21 23:59:59,RT @joncoopertweets: Donald Trump‚Äôs inept response to the coronavirus pandemic in the United States is directly responsible for the mountin‚Ä¶
2020-03-21 23:59:59,RT @JoeBiden: Everyone knows that we're facing a real crisis from the coronavirus. But do you know how we got here and what we need to do n‚Ä¶
2020-03-21 23:59:59,"RT @Do_Or_Do_Notty: McRaven recalled that ‚Äúone voice began to echo through the night"" - one of the candidates began singing, albeit ""terrib‚Ä¶"
2020-03-21 23:59:59,RT @WeAreNotNumbers: The Ministry of Health in #Gaza has just revealed that the first two #coronavirus cases were reported here for two men‚Ä¶
2020-03-21 23:59:59,"RT @TIME: China sends masks, gloves and test kits to nations affected by COVID-19 https://t.co/4jY6vLSEde"
2020-03-21 23:59:59,"RT @Scavino45: A MESSAGE FROM @StateDept @SecPompeo. #COVID19 

üåêhttps://t.co/s6BGagG63J
üåêhttps://t.co/EBuzMFrvIC
üåêhttps://t.co/sWQ2wQNxtC‚Ä¶"
2020-03-21 23:59:59,"#COVID19
HYDROXYCHLOROQUINE &amp; AZITHROMYCIN, taken together, have a real chance to be one of the biggest game change‚Ä¶ https://t.co/vjOXb9yZ8m"
2020-03-21 23:59:59,RT @nytimes: See more about the estimates and the researchers' warnings ‚Äî and how the rate of coronavirus infections could vary by state de‚Ä¶
2020-03-21 23:59:59,"RT @nowthisnews: ‚ÄòWithout taking drastic measures, the healthy and optimistic among us will doom the vulnerable‚Äô ‚Äî¬†Literally everyone shoul‚Ä¶"
2020-03-21 23:59:59,A MUST SEE! WITH THE CORONAVIRUS YOU MUST LEARN TO BOOST YOUR IMMUNE SYSTEM THIS IS YOUR LAST HOPE. HEALTH IS WEALT‚Ä¶ https://t.co/dHQamhINOi
2020-03-21 23:59:59,RT @EMARIANOMD: #Coronavirus DOs and DON'Ts: The simple #infographic guide to protect you and your community https://t.co/SgWSMzp7Wv via @k‚Ä¶
2020-03-21 23:59:59,Well..... there goes my wedding.... #2020bride #coronavirus https://t.co/fHfrVMQFz9
2020-03-21 23:59:59,RT @LamontFrazier4: ‚ÄòYOU HAVE FAILED‚Äô: Internet slams Trump‚Äôs upbeat coronavirus ‚ÄòWIN‚Äô tweet - https://t.co/7lZDagiYHb In my opinion this C‚Ä¶
2020-03-21 23:59:59,"RT @AlArabiya_Eng: Since countries can't afford to shut down indefinitely, #COVID_19 is highly contagious and even those without symptoms c‚Ä¶"
2020-03-21 23:59:59,RT @gcochran99: @voxvot @ReasonInterest @timcrimmins @hbdchick @NiklasForberg @JayMan471 @QueeniesDad If you have 400 deaths over a short p‚Ä¶
2020-03-21 23:59:59,"RT @Kirti99466977: Coronavirus: Ministers urged to assist 'forgotten' self-employed

#Covid_19
#SeaChange
@SEAllianceUK
@StopIR35
#IR35

ht‚Ä¶"
2020-03-21 23:59:59,RT @iatemuggles: twin babies chatting about coronavirus https://t.co/3AH3Jk3v5f
2020-03-21 23:59:59,"RT @CPHighWycombe: We, along with all CP branches, are currently closed due to coronavirus. I will not be tweeting as regularly but we‚Äôre s‚Ä¶"
2020-03-21 23:59:59,"RT @EricTopol: Good: Now a point-of-care #COVID19 test with 45-minute turnaround approved by @US_FDA
https://t.co/DO5IvbkDpN
@lauriemcginle‚Ä¶"
2020-03-21 23:59:59,US scientists develop crucial blood test for coronavirus antibodies https://t.co/B6IzA0X66G
2020-03-21 23:59:59,The #coronavirus has exposed vulnerabilities in our nation‚Äôs nonprofit service system. It is incumbent for our comm‚Ä¶ https://t.co/LiYyymKToY
2020-03-21 23:59:59,RT @RexChapman: These twin babies discussing Coronavirus at bedtime is the best thing you‚Äôll see today... https://t.co/p2QyV52tub
2020-03-21 23:59:59,RT @Shelltop8: Smiths Group ramps up ventilator production to plug coronavirus shortage https://t.co/n4MQK7NW3LüëçGreat to see people actuall‚Ä¶
2020-03-21 23:59:59,"RT @GeorgeTakei: I'm not taking Trump's racism lying down. And to those who say he's just stating the ""truth"" with the moniker ""Chinese vir‚Ä¶"
2020-03-21 23:59:59,"RT @HillaryClinton: The Trump administration was told in January that coronavirus was likely to become a pandemic. 

They refused to act fo‚Ä¶"
2020-03-21 23:59:59,"RT @CraigCons: Here is an *Islamic perspective* on coronavirus.

Prophet Muhammad saw a man leave his camel w/ out tying it.

He asked: ‚ÄúWh‚Ä¶"
2020-03-21 23:59:59,"RT @mishtal: Yesterday, Israel suffered its first #coronavirus fatality an 88 year old Holocaust survivor - 

This is the sickening way tha‚Ä¶"
2020-03-21 23:59:59,Keep an eye on this. If this becomes the new Fox News conventional wisdom -- that coronavirus is overstated and we‚Ä¶ https://t.co/cF8UkFJ159
2020-03-21 23:59:59,RT @iatemuggles: twin babies chatting about coronavirus https://t.co/3AH3Jk3v5f
2020-03-21 23:59:59,"RT @crushthebigots: This is Pam Triolo, mayor of Lakewood Beach, FL. 

She's resisted shutting down the beaches and now has refused to stop‚Ä¶"
2020-03-21 23:59:59,"RT @AmbJohnBolton: China silenced coronavirus whistleblowers, expelled journalists, destroyed samples, refused CDC help, and concealed coun‚Ä¶"
2020-03-21 23:59:59,"RT @MayorBowser: As of 7:00 p.m. on Saturday, March 21, the District‚Äôs coronavirus (COVID-19) data includes 21 new positive cases, bringing‚Ä¶"
2020-03-21 23:59:59,RT @eugenegu: @realDonaldTrump The combination of hydroxychloroquine and azithromycin to treat the coronavirus has not been proven safe and‚Ä¶
2020-03-21 23:59:59,"RT @CREWcrew: Trump told Mar-a-Lago customers about his strike on Iran before alerting Congress. 
Sen. Richard Burr told well-connected don‚Ä¶"
2020-03-21 23:59:58,"RT @1MikeMorris: The New York Times is advising Americans who want the truth about the CoronaVirus to listen to Merkel, Trudeau and Macron.‚Ä¶"
2020-03-21 23:59:58,RT @RexChapman: Bill Gates told us today‚Äôs Coronavirus news ‚Äî in 2015... https://t.co/OCUCWxb4Rx
2020-03-21 23:59:58,"RT @axios: ‚ÅâÔ∏è We asked experts how to do social distancing right:

- My kids are driving me insane; can I let them play with their friends?‚Ä¶"
2020-03-21 23:59:58,"RT @ChanelRion: This is a problem. What say you, White House Press?

‚ÄúChinese Envoy Refuses to Apologize for Beijing's Initial 'Cover Up'‚Äù‚Ä¶"
2020-03-21 23:59:58,RT @shaunking: BREAKING: A staggering 793 people died TODAY alone in Italy from the Coronavirus. That makes it the single deadliest day for‚Ä¶
2020-03-21 23:59:58,RT @itsJeffTiedrich: #ThankYouPresidentTrump for being laughed at by the UN and mocked by NATO and for pardoning war criminals and snugglin‚Ä¶
2020-03-21 23:59:58,"RT @DVATW: Many Italians in Northern Italy sold their leather goods and textiles companies to China. Italy then allowed 100,000 Chinese fro‚Ä¶"
2020-03-21 23:59:58,@mrcjohnston @CPtraveller @theage @NTEUVictoria Makes a mockery of any claims the Govt has this under control or th‚Ä¶ https://t.co/omPiwHpgwi
2020-03-21 23:59:58,@7uzidoesit So there is a potential cure for Coronavirus and the news jumps back on the climate crisis train in no te
2020-03-21 23:59:58,RT @Bruceneeds2know: Alan Jones puts lives at risk with his take on coronavirus https://t.co/7pG9vJdjfW via @smh He has placed the very liv‚Ä¶
2020-03-21 23:59:58,"RT @IvanWerning: Europe's ""blank check"" approach to support jobs (not sure if to call it stimulus) during the coronavirus pandemic strikes‚Ä¶"
2020-03-21 23:59:58,"RT @NorbertElekes: Coronavirus pandemic:

From 0 to 100,000 cases: 110 days

From 100,000 to 200,000 cases: 12 days

From 200,000 to 300,00‚Ä¶"
2020-03-21 23:59:58,"RT @taniasmith_: coronavirus trying to infiltrate my immune system:

me: https://t.co/72n6Nt7Wuv"
2020-03-21 23:59:58,"RT @wmasAmyK: It's #WorldPoetryDay so here's one about an experience I had as a call assessor just a few weeks ago, I've just written it th‚Ä¶"
2020-03-21 23:59:58,RT @ninaturner: 'Not Done Yet': ‚Å¶@BernieSanders‚Å© Campaign Mobilizes Donors for #Coronavirus Relief and Raises $2 Million | ‚Å¶@commondreams‚Å©‚Ä¶
2020-03-21 23:59:58,"RT @ToryFibs: Heartbreaking 

793 Italian deaths in the last day from Coronavirus. That‚Äôs 33 dying per hour, or one dying every 109 seconds‚Ä¶"
2020-03-21 23:59:58,"RT @NPR: The coronavirus is exposing the vast inequalities in the U.S. health care system.

Rich Americans ‚Äî from movie stars to Instagram‚Ä¶"
2020-03-21 23:59:58,Coles will donate $1M of food a week through our partnerships with @Secondbite_org &amp; @foodbankaus to vulnerable Aus‚Ä¶ https://t.co/sW4YytBODS
2020-03-21 23:59:58,"RT @bianco222: We might all die. But we'll do it with dignity! #NoPinappleOnPizza
#coronavirus #covid_19italia #Italia #italylockdown https‚Ä¶"
2020-03-21 23:59:58,RT @WPXI: JUST IN: Giant Eagle announced it will be awarding $10 million in bonus pay to current and new employees across the company. http‚Ä¶
2020-03-21 23:59:58,RT @stayfrea_: News don‚Äôt even tell us the weather nomore they be like good morning CORONAVIRUS
2020-03-21 23:59:58,"RT @nytimes: Italy‚Äôs experience shows that steps to isolate affected regions and limit people‚Äôs movement need to be put in place early, wit‚Ä¶"
2020-03-21 23:59:58,RT @NealHockley: Friend reports that the A5 into n Wales last night was like a bank holiday. Just what rural areas need: loads of holiday m‚Ä¶
2020-03-21 23:59:58,"RT @peterjukes: ASI is not the Adam Smith Institute but the datascience company who worked with Cummings at Vote Leave, now called Faculty.‚Ä¶"
2020-03-21 23:59:58,"RT @nickmartin: Neo-Nazis on Telegram have been talking about ways to *spread* coronavirus to cause chaos.

It's caught the attention of fe‚Ä¶"
2020-03-21 23:59:58,Coronavirus: Two NHS medics on ventilators after contracting COVID-19 from patients https://t.co/0AJQRfIPgx
2020-03-21 23:59:58,RT @ifanmj: Thread: I can‚Äôt blame anyone who brings their family to a rural area in Wales during the coronavirus epidemic. I would do the s‚Ä¶
2020-03-21 23:59:58,"RT @AusAntiLeft: #COVID„Éº19

Why does positive news around new trials and effective drug treatments for this virus seem to be disappointing‚Ä¶"
2020-03-21 23:59:58,"RT @AliceEvansGruff: @funder Why would Fauci, who is the head of the NATIONAL INSTITUTE OF INFECTIOUS DISEASES, have read about coronavirus‚Ä¶"
2020-03-21 23:59:58,"RT @democracynow: ‚ÄúCoronavirus Capitalism‚Äù: In a new video for @theintercept, @NaomiAKlein makes the case for transformative change amid co‚Ä¶"
2020-03-21 23:59:58,RT @RollingStone: DOJ wants to suspend constitutional rights during coronavirus emergency https://t.co/I052LLJLzR
2020-03-21 23:59:58,RT @TCChoco: Me and my best friend reuniting once coronavirus has disappeared
2020-03-21 23:59:58,RT @TCChoco: Me and my best friend reuniting once coronavirus has disappeared
2020-03-21 23:59:58,"RT @DrOlufunmilayo: UK companies now hiring

Aldi 9.48¬£ per hour
Amazon 9.50¬£/hour
Deliveroo 10¬£/hour
Iceland 9.10¬£/hour
JustEat 120¬£/day
L‚Ä¶"
2020-03-21 23:59:58,"RT @chuuzus: while other celebrities are singing to us, our president is actually donating money to help with the coronavirus."
2020-03-21 23:59:58,"RT @BernieSanders: Unbelievably, in the U.S. right now, doctors and nurses are unnecessarily putting their lives on the line treating peopl‚Ä¶"
2020-03-21 23:59:58,RT @eugenegu: @realDonaldTrump The combination of hydroxychloroquine and azithromycin to treat the coronavirus has not been proven safe and‚Ä¶
2020-03-21 23:59:58,RT @WajahatAli: Italy records nearly 800 #coronavirus deaths in a single day. We are about 11 days behind them and they have a better healt‚Ä¶
2020-03-21 23:59:58,RT @Millishield: Pls watch a testimony from Ohio a patient going through treatment for Coronavirus https://t.co/vU3yPmwDRW
2020-03-21 23:59:58,49 new cases in Victoria today https://t.co/UNlBil4Vwx
2020-03-21 23:59:58,RT @dicksgraysn: i‚Äôm living for sophie turner dragging evangeline lilly and vanessa hudgens after they said the coronavirus quarantine is o‚Ä¶
2020-03-21 23:59:58,"RT @Barnes_Law: Turns out, according to recent reports,  Italy was calling deaths from others diseases ""coronavirus"" deaths that inflated t‚Ä¶"
2020-03-21 23:59:58,"RT @jxeker: hate that ‚Äúshortness of breath‚Äù is a coronavirus symptom, every time i get to the top of the stairs i think i‚Äôve got it then i‚Ä¶"
2020-03-21 23:59:58,"RT @SenSchumer: We must do everything we can to make sure no one goes into financial ruin because of coronavirus.

Service and industry wor‚Ä¶"
2020-03-21 23:59:58,"RT @politvidchannel: Rihanna's nonprofit organization, the Clara Lionel Foundation, has donated $5 million towards Coronavirus response eff‚Ä¶"
2020-03-21 23:59:58,"RT @Amy_Siskind: We have surpassed 300,000 coronavirus cases worldwide.

Some perspective:
the first 100,000 took 3 months
the second 100,0‚Ä¶"
2020-03-21 23:59:58,RT @dicksgraysn: i‚Äôm living for sophie turner dragging evangeline lilly and vanessa hudgens after they said the coronavirus quarantine is o‚Ä¶
2020-03-21 23:59:58,"RT @realDonaldTrFan: MY advisors say French Scientists are working on Coronavirus treetments! Once they have results, they'll publish it in‚Ä¶"
2020-03-21 23:59:58,"RT @SethAbramson: MAJOR BREAKING NEWS: U.S. Intelligence Tried to Warn Trump About Coronavirus‚Äîand He Ignored Them

NOTE: Please RETWEET th‚Ä¶"
2020-03-21 23:59:58,RT @The_NDL: More coronavirus cases confirmed in the Hunter New England area https://t.co/FOsg4u3ubo
2020-03-21 23:59:58,"How to Clean and Disinfect Yourself, Your Home, and Your Stuff https://t.co/KOIiwhPei0 via @wired"
2020-03-21 23:59:58,"RT @RealJamesWoods: I don‚Äôt know you, Mike, but this is one of the most significant document revelations I‚Äôve seen during this whole crisis‚Ä¶"
2020-03-21 23:59:58,"RT @__goldenrose_: Anyone who doesn't fast and pray on Wednesday,25th/03/2020 will contact coronavirus in Jesus name. Amen üôè"
2020-03-21 23:59:58,"RT @jxeker: hate that ‚Äúshortness of breath‚Äù is a coronavirus symptom, every time i get to the top of the stairs i think i‚Äôve got it then i‚Ä¶"
2020-03-21 23:59:58,RT @TeaPainUSA: Then she ordered a pulled-pork sandwich and a shrimp basket. https://t.co/jyWvLwQGZ2
2020-03-21 23:59:58,"RT @JoyAnnReid: Don't stop paying attention. Attorney General Barr, who has pushed to essentially refashion Donald Trump into a king, unche‚Ä¶"
2020-03-21 23:59:58,RT @DeanObeidallah: @realDonaldTrump I know the coronavirus is freaking many people out but here's some GREAT news. It's all going away in‚Ä¶
2020-03-21 23:59:58,"RT @greeks_4Trump: As Trump Approval Soars, Rachel Maddow and Others In Media Call for Blackout of President's Coronavirus Briefings https:‚Ä¶"
2020-03-21 23:59:58,RT @dicksgraysn: i‚Äôm living for sophie turner dragging evangeline lilly and vanessa hudgens after they said the coronavirus quarantine is o‚Ä¶
2020-03-21 23:59:58,RT @KatiePavlich: Governor Cuomo touting malaria drug as potential treatment for Wuhan coronavirus. Will the media skewer him for offering‚Ä¶
2020-03-21 23:59:58,"As the novel coronavirus continues its spread, Missouri Gov. Mike Parson announced sweeping changes to tax deadline‚Ä¶ https://t.co/cRUAAtaL1M"
2020-03-21 23:59:58,"RT @earleyedition: Wow. ""Italy‚Äôs government has just announced the closure of all ‚Äúnon-essential production activities‚Äù across the country,‚Ä¶"
2020-03-21 23:59:58,Now is the time for bold action to ensure the health of imprisoned people by all who have power in the federal crim‚Ä¶ https://t.co/3e2hEqzI3q
2020-03-21 23:59:58,"RT @CNN: Reclusive, nocturnal, numerous -- bats are a possible source of the coronavirus. Yet some scientists concur they are not to blame‚Ä¶"
2020-03-21 23:59:58,I‚Äôm scared for my life. My friend DeFonce is at extremely high risk of Coronavirus and I saw him within the past 14‚Ä¶ https://t.co/S1YEnVzZmq
2020-03-21 23:59:58,"RT @axios: üíâ Coronavirus testing in the U.S. has improved from rock bottom but is still terrible.

That‚Äôs a big part of the reason the numb‚Ä¶"
2020-03-21 23:59:58,"RT @SenSanders: $34,927.43.

That is the medical bill an uninsured patient got for being tested and treated for the coronavirus.

This is n‚Ä¶"
2020-03-21 23:59:57,"RT @SenWarren: Any taxpayer money that goes to bail out big companies must go directly to workers, not to stock buybacks or executive bonus‚Ä¶"
2020-03-21 23:59:57,"RT @nowthisnews: ‚ÄòWithout taking drastic measures, the healthy and optimistic among us will doom the vulnerable‚Äô ‚Äî¬†Literally everyone shoul‚Ä¶"
2020-03-21 23:59:57,"RT @Megavolts001: #Coronavirus
#Pointofcare
#RapidTest
FDA authorizes first rapid, 'point of care' coronavirus test
https://t.co/jE2csy6ivi"
2020-03-21 23:59:57,RT @dwnews: Brazilians bang pots and pans on their balconies to protest President Jair Bolsanaro‚Äôs handling of the coronavirus pandemic üîä h‚Ä¶
2020-03-21 23:59:57,"RT @JoeBiden: We need action, not more empty words from President Trump. It‚Äôs time for him to step up and do his job. https://t.co/TBpXhoAg‚Ä¶"
2020-03-21 23:59:57,RT @CharlesMBlow: Just spoke to a doctor friend of mine in NYC. He was diagnosed with #coronavirus eighth days ago. He‚Äôs still in his scrub‚Ä¶
2020-03-21 23:59:57,"RT @ProudResister: Me every time I feel a little scratch in the back of my throat:

‚ÄúFuck, this is it. I got coronavirus.‚Äù

Can anyone else‚Ä¶"
2020-03-21 23:59:57,"RT @Remroum: Coronavirus on top of a staggering reality in Gaza:

~97% of water is unfit for drinking

~39% live in poverty

~58% of youth‚Ä¶"
2020-03-21 23:59:57,"RT @rulajebreal: In a dramatic address to the nation, Italy üáÆüáπ PM Giuseppe Conte orders all non-essential businesses to close. 
All of Ital‚Ä¶"
2020-03-21 23:59:57,"RT @ShimonPro: An inmate at the Metropolitan Detention Center, a federal facility in Brooklyn, has tested posted for the coronavirus. This‚Ä¶"
2020-03-21 23:59:57,RT @ArielElyseGold: Israel is culpable for every coronavirus death in Gaza.
2020-03-21 23:59:57,"RT @TweetingYarnie: While Joe Biden hides in his mansion desperately trying to figure out how to Facebook live,  #OurPresidentBernie Sander‚Ä¶"
2020-03-21 23:59:57,RT @thedailybeast: The White House is launching a communications plan across multiple federal agencies that focuses on accusing Beijing of‚Ä¶
2020-03-21 23:59:57,RT @flyn4fun2: Please #share this story/video widely - especially with friends/family who think #Covid_19 is ‚Äújust like the flu‚Äù - it‚Äôs not‚Ä¶
2020-03-21 23:59:57,RT @shaunking: BREAKING: A staggering 793 people died TODAY alone in Italy from the Coronavirus. That makes it the single deadliest day for‚Ä¶
2020-03-21 23:59:57,I am creating a new word CORONFLATION. This is to identify and boycott all traders trying to make money out of a de‚Ä¶ https://t.co/lglZywUNol
2020-03-21 23:59:57,RT @SethAbramson: retweet if you're angry about how all this is being handled #coronavirus
2020-03-21 23:59:57,RT @RexChapman: These twin babies discussing Coronavirus at bedtime is the best thing you‚Äôll see today... https://t.co/p2QyV52tub
2020-03-21 23:59:57,"RT @NAMICommunicate: ""We‚Äôre a society that likes to plan and to know what‚Äôs coming. Instead, we have these huge and unpredictable disruptio‚Ä¶"
2020-03-21 23:59:57,"RT @nataliekate999: PLEASE stop calling 999 for a ‚Äòcheck over‚Äô to see if you have coronavirus

I‚Äôve had to don Low risk PPE three times tod‚Ä¶"
2020-03-21 23:59:57,RT @PalmerReport: Donald Trump's dangerous lie about coronavirus drugs is already landing overdose patients in the hospital https://t.co/kO‚Ä¶
2020-03-21 23:59:57,RT @Independent: Italians urged to stop jogging during coronavirus lockdown https://t.co/dKRaVWHOOh
2020-03-21 23:59:57,"RT @j_lifeexplorer: Real Madrid (renowned Spanish soccer-club) dead from Covid-19!
https://t.co/WOdcAKPJCE"
2020-03-21 23:59:57,"RT @CraigCons: Here is an *Islamic perspective* on coronavirus.

Prophet Muhammad saw a man leave his camel w/ out tying it.

He asked: ‚ÄúWh‚Ä¶"
2020-03-21 23:59:57,"RT @virginia_true: Russia (pop 14M) reports 306 positive cases despite its long border with China.

Putin and Russia have a poor track reco‚Ä¶"
2020-03-21 23:59:57,"RT @BillKristol: ""President Trump has responded to the coronavirus outbreak by (among other things) promising it would go away by itself, p‚Ä¶"
2020-03-21 23:59:57,@KeeleyFox29 @forshumsangt @PhillyPolice @FOX29philly This is so wrong...The Chinese Communist Government are nasty‚Ä¶ https://t.co/T0O7LUS7ry
2020-03-21 23:59:57,"RT @OpIndia_com: Sonal Mehrotra Kapoor, an anchor working with the controversial channel NDTV, has self-quarantined after singer Kanika Kap‚Ä¶"
2020-03-21 23:59:57,"RT @LiamDeF: Great to see Australia taking social distancing seriously. The pubs are full, beaches packed and 3,800 got off a cruise ship y‚Ä¶"
2020-03-21 23:59:57,RT @ttocs35: NEVER FORGET: Democrats Turned House Intel Committee Into Impeachment Headquarters as Lawmakers Were Warned About the Coronavi‚Ä¶
2020-03-21 23:59:57,"RT @voxdotcom: Plain old soap is a badass in the fight against coronavirus, and even more routinely effective than hand sanitizer. 

This i‚Ä¶"
2020-03-21 23:59:57,whoa  https://t.co/rsaxC1hDl8
2020-03-21 23:59:57,"RT @koigi3: Tesco to hire 20,000 staff to handle 'unprecedented' demand amid coronavirus crisis https://t.co/BTrWMAB44S ...

Thank God...
I‚Ä¶"
2020-03-21 23:59:57,RT @iatemuggles: twin babies chatting about coronavirus https://t.co/3AH3Jk3v5f
2020-03-21 23:59:57,"RT @antonioguterres: #COVID19 is a crisis unlike any in the 75-year history of the @UN.

World leaders must come together and offer an urge‚Ä¶"
2020-03-21 23:59:57,"RT @timkmak: ALERT: ""The Justice Department has quietly asked Congress for the ability to ask chief judges to detain people indefinitely wi‚Ä¶"
2020-03-21 23:59:57,RT @nypost: Mark Zuckerberg talks coronavirus with Anthony Fauci on Facebook Live https://t.co/EWJ8UkuwTV https://t.co/dY7jW16Jk1
2020-03-21 23:59:57,"RT @bunsenbernerbmd: #COVID19 cheat code.
Hug a sleeping fuzzy bear for
 +50 defence against anxiety and worry.
-100 against dog hair on cl‚Ä¶"
2020-03-21 23:59:57,"RT @MiamiHerald: NEW: State health officials confirmed 200 additional cases of COVID-19, bringing the state total of confirmed cases to 763‚Ä¶"
2020-03-21 23:59:57,"RT @Yamiche: Vice President Pence just said millions of surgical masks will be available ""in a matter of weeks.""

Note: Hospitals are facin‚Ä¶"
2020-03-21 23:59:57,RT @HoustonChron: Pharma company donates millions of doses of potential coronavirus drug to U.S. https://t.co/OyDqtkU2T4
2020-03-21 23:59:57,"RT @JoyAnnReid: Don't stop paying attention. Attorney General Barr, who has pushed to essentially refashion Donald Trump into a king, unche‚Ä¶"
2020-03-21 23:59:57,"RT @AmbJohnBolton: China silenced coronavirus whistleblowers, expelled journalists, destroyed samples, refused CDC help, and concealed coun‚Ä¶"
2020-03-21 23:59:57,RT @Brandcodes: Winter is coming: cooler South America weather could fan coronavirus spread https://t.co/RBh6ZY4qUL via @Yahoo
2020-03-21 23:59:57,"RT @Trey_VonDinkis: .
üì∫LEFTIST HYPOCRISY

 - - BIDEN USING OBAMA'S FAILED 'EBOLA CZAR' to TAKE SHOTS at TRUMP

Obama &amp; Biden's Virus Neglig‚Ä¶"
2020-03-21 23:59:57,"RT @chuuzus: while other celebrities are singing to us, our president is actually donating money to help with the coronavirus."
2020-03-21 23:59:57,RT @RealJamesWoods: ‚ÄúChina knew that this virus was not only epidemic but infectious and could be deadly. They didn‚Äôt tell anybody. In fact‚Ä¶
2020-03-21 23:59:57,RT @robjh1: These fake news folks will defend each other to the end. Looking for a hole to jump on. They care nothing for real news. #coron‚Ä¶
2020-03-21 23:59:57,"RT @JoeBiden: The coronavirus test should be made widely available and free.

The coronavirus vaccine, when ready, should be made widely av‚Ä¶"
2020-03-21 23:59:57,RT @BernieSanders: We need fundamental change to an economy that leaves far too many working people behind. Join a teach-in with Bernie 202‚Ä¶
2020-03-21 23:59:57,RT @briantylercohen: Holy shit. Katie Porter holds the CDC Director's feet to the fire and gets him to commit to FREE TESTING for coronavir‚Ä¶
2020-03-21 23:59:57,"RT @ESPNFC: The former president of Real Madrid, Lorenzo Sanz, has died at the age of 76 after contracting the coronavirus. https://t.co/6b‚Ä¶"
2020-03-21 23:59:57,RT @iatemuggles: twin babies chatting about coronavirus https://t.co/3AH3Jk3v5f
2020-03-21 23:59:57,"RT @rulajebreal: In a dramatic address to the nation, Italy üáÆüáπ PM Giuseppe Conte orders all non-essential businesses to close. 
All of Ital‚Ä¶"
2020-03-21 23:59:57,üö® #BreakingNews #DjBlacknMild has passed away at age of 44 by the #COVID19 #CoronavirusPandemic #coronavirus. Praye‚Ä¶ https://t.co/pmUYC0kRMT
2020-03-21 23:59:57,A Complete List of Trump‚Äôs Attempts to Play Down Coronavirus https://t.co/7iJd8Rh2LZ
2020-03-21 23:59:57,RT @TCChoco: Me and my best friend reuniting once coronavirus has disappeared https://t.co/5JI6NXl5fB
2020-03-21 23:59:56,"Two months into coronavirus lockdown, her online diary is a window into life and death in Wuhan - Los Angeles Times‚Ä¶ https://t.co/CkotBjnlDk"
2020-03-21 23:59:56,"RT @BreitbartNews: U.S. Navy veteran Michael White, imprisoned by the Iranian regime for over a year, was granted humanitarian parole on Th‚Ä¶"
2020-03-21 23:59:56,RT @TeaPainUSA: This is what happens when an administration ignores a pandemic and labels it a ‚Äúhoax.‚Äù https://t.co/NbkpksFFs4
2020-03-21 23:59:56,RT @JamesDelingpole: This long-read on #Coronavirus is very encouraging https://t.co/TwVyjvzVgc It also suggests that we are dramatically o‚Ä¶
2020-03-21 23:59:56,"RT @GovNedLamont: Here's a summary of everything we announced today regarding #COVID19 response actions in Connecticut.

For more details a‚Ä¶"
2020-03-21 23:59:56,"RT @larryelder: The gov't has no money. It taxes, prints, and borrows--each of which is problematic. Gov't, in 1900, at all 3 levels--state‚Ä¶"
2020-03-21 23:59:56,RT @iatemuggles: twin babies chatting about coronavirus https://t.co/3AH3Jk3v5f
2020-03-21 23:59:56,"RT @Peter_Fitz: My column. TIme for Jones to go.
Alan Jones puts lives at risk with his take on coronavirus https://t.co/FRR6mjMktD via @smh"
2020-03-21 23:59:56,"RT @TrumpWarRoom: Dr. Fauci was asked about President Trump's tweet about HYDROXYCHLOROQUINE &amp; AZITHROMYCIN.

He said the ""anecdotal report‚Ä¶"
2020-03-21 23:59:56,"RT @BernieWon2016: @BernieSanders #OurPresidentBernie isn't in hiding like Joe Biden.

He isn't lying like Trump. 

He's working for us! #n‚Ä¶"
2020-03-21 23:59:56,"RT @elerianm: If you allow me to say so, and despite having written it quickly, I think this is an important read for #investors/policymake‚Ä¶"
2020-03-21 23:59:56,"RT @australian: Weeks ago, Italy was going to walk over this coronavirus with nonchalant hand gestures and conversations of disregard. With‚Ä¶"
2020-03-21 23:59:56,"Doesn't help in passing the time in #longterm #quarantine of #Coronavirus! 

#CoronavirusCrisis #Saturday‚Ä¶ https://t.co/rh53kiDL2R"
2020-03-21 23:59:56,"RT @sagenaradamuni: Welcome to #Kashmir #Srinagar 

160 students, who were helped by our govt in repatriation from Bangladesh to protect th‚Ä¶"
2020-03-21 23:59:56,RT @esglaude: DOJ Wants to Suspend Certain Constitutional Rights During Coronavirus Emergency https://t.co/XC7NU86iH2 via @RollingStone
2020-03-21 23:59:56,RT @iatemuggles: twin babies chatting about coronavirus https://t.co/3AH3Jk3v5f
2020-03-21 23:59:56,@WarwickHunt4 @vamroses Apparently Charlie Austin says he suffered acute Covid-19 symptoms. Austin believes he cont‚Ä¶ https://t.co/gZfzwUpMOy
2020-03-21 23:59:56,"RT @CarolineLucas: Spot on from @guardian

‚ÄúWe squandered time we could have spent preparing &amp; ignored lessons from abroad.  To many watchi‚Ä¶"
2020-03-21 23:59:56,RT @JoyceWhiteVance: I know you've seen the advice cautioning you to pay attention to what AG Barr does to further damage the rule of law w‚Ä¶
2020-03-21 23:59:56,"RT @bennyjohnson: Taiwan Says It Warned @WHO About Coronavirus In December, But Its Warnings Were Ignored.

WHO Weeks later:

‚ÄúChinese auth‚Ä¶"
2020-03-21 23:59:56,"RT @renato_mariotti: DOJ asked Congress for new powers, including the ability to ask judges to detain people indefinitely without trial dur‚Ä¶"
2020-03-21 23:59:56,"RT @InfoMinimal: Coming soon to your household in real life. If you got Netflix, check this out.
#coronavirus https://t.co/kHRt9tzEh9"
2020-03-21 23:59:56,RT @business: Nigeria reported two cases of chloroquine poisoning after U.S. President Trump praised the anti-malaria drug as a treatment f‚Ä¶
2020-03-21 23:59:56,RT @iatemuggles: twin babies chatting about coronavirus https://t.co/3AH3Jk3v5f
2020-03-21 23:59:56,"RT @mcuban: Dear @3M, thank you for increasing your production of N95 Masks. No one knows better than your CEO, Mike Roman, that every disc‚Ä¶"
2020-03-21 23:59:56,RT @The_NDL: More coronavirus cases confirmed in the Hunter New England area https://t.co/FOsg4u3ubo
2020-03-21 23:59:56,RT @jappoffjones: Coronavirus Florida: Lake Worth Beach city commission meeting turns ugly https://t.co/bEzaULPOy3
2020-03-21 23:59:56,"RT @callapilla: I've handed the @GuardianAus blog over to @AmyRemeikis to walk you though the stimulus package announcement, which is comin‚Ä¶"
2020-03-21 23:59:56,"Found this on a walk this evening, and the kids are right. Everything will be OK. Wash your hands. Practice social‚Ä¶ https://t.co/G7ewuEpJV1"
2020-03-21 23:59:56,"RT @michaelmalice: sure Italy is having deaths of #coronavirus at rates seen by no other country, but do we know if they are referring to t‚Ä¶"
2020-03-21 23:59:56,"RT @JoeBiden: We need action, not more empty words from President Trump. It‚Äôs time for him to step up and do his job. https://t.co/TBpXhoAg‚Ä¶"
2020-03-21 23:59:56,"RT @TweetingYarnie: While Joe Biden hides in his mansion desperately trying to figure out how to Facebook live,  #OurPresidentBernie Sander‚Ä¶"
2020-03-21 23:59:56,RT @JoeBiden: Everyone knows that we're facing a real crisis from the coronavirus. But do you know how we got here and what we need to do n‚Ä¶
2020-03-21 23:59:56,"RT @exoticgamora: Shortly before Trump‚Äôs inauguration, the Obama admin¬†held¬†a high-level briefing with incoming Trump officials to prepare‚Ä¶"
2020-03-21 23:59:56,"RT @NAChristakis: Converting gyms to wards: preparing for a pandemic. 
1918 Influenza pandemic at @IowaStateU 
2020 Coronavirus pandemic at‚Ä¶"
2020-03-21 23:59:56,RT @TCChoco: Me and my best friend reuniting once coronavirus has disappeared
2020-03-21 23:59:56,"RT @HillaryClinton: The Trump administration was told in January that coronavirus was likely to become a pandemic. 

They refused to act fo‚Ä¶"
2020-03-21 23:59:56,RT @BillyCorben: #BREAKING: Ben Carson's daughter-in-law Merlynn Carson works for a company hustling to sell for-profit coronavirus tests t‚Ä¶
2020-03-21 23:59:56,RT @iatemuggles: twin babies chatting about coronavirus https://t.co/3AH3Jk3v5f
2020-03-21 23:59:56,"RT @CraigCons: Here is an *Islamic perspective* on coronavirus.

Prophet Muhammad saw a man leave his camel w/ out tying it.

He asked: ‚ÄúWh‚Ä¶"
2020-03-21 23:59:56,RT @iatemuggles: twin babies chatting about coronavirus https://t.co/3AH3Jk3v5f
2020-03-21 23:59:56,"RT @Remroum: Coronavirus on top of a staggering reality in Gaza:

~97% of water is unfit for drinking

~39% live in poverty

~58% of youth‚Ä¶"
2020-03-21 23:59:56,"Why are we seeing some world politicians asking people to self isolate, while they deliberately have several people‚Ä¶ https://t.co/s5aCXJK8yX"
2020-03-21 23:59:56,"RT @majorgauravarya: Time for the government to use force &amp; disperse the Shaheen Bagh gang. Yesterday, they were a national nuisance. Today‚Ä¶"
2020-03-21 23:59:56,"RT @zafarabbaszaidi: Hats off to Iranian Doctor Shirin Rouhani who passed away due to Coronavirus. Due to lack of medical staff , she kept‚Ä¶"
2020-03-21 23:59:56,"RT @CraigCons: Here is an *Islamic perspective* on coronavirus.

Prophet Muhammad saw a man leave his camel w/ out tying it.

He asked: ‚ÄúWh‚Ä¶"
2020-03-21 23:59:56,"RT @ajplus: ""We're not even counting the dead anymore.""

Listen to this nurse's emotional plea about working during the #coronavirus outbre‚Ä¶"
2020-03-21 23:59:56,"RT @ItoniLl: Tucker blasts Burr for alleged coronavirus cash-out: He told 'easy lies' that 'may have killed people'

https://t.co/salAXhbcL‚Ä¶"
2020-03-21 23:59:56,RT @cbcnewsbc: B.C.'s provincial health officer has ordered all personal service establishments in the province to shut down until further‚Ä¶
2020-03-21 23:59:56,"Uber/Lyft drivers routinely pick up medical patients who may have Covid-19, bc of contractual deals w cheapskate in‚Ä¶ https://t.co/4i1pR74iOS"
2020-03-21 23:59:56,"The Coronavirus Home Lockdown Survival Guide: How To Stay Healthy, Sane ... https://t.co/vc0HiFFdB1 via @YouTube"
2020-03-21 23:59:56,RT @RGVzoomin: Coronavirus changes everything https://t.co/W8bTNtghAj
2020-03-21 23:59:56,RT @BBCBreaking: Italy reports another 793 deaths in past day in world's worst coronavirus crisis https://t.co/htvSVse4Ho
2020-03-21 23:59:56,RT @dicksgraysn: i‚Äôm living for sophie turner dragging evangeline lilly and vanessa hudgens after they said the coronavirus quarantine is o‚Ä¶
2020-03-21 23:59:56,"Trump‚Äôs Dangerous Coronavirus Name Game is Part of a Long, Crazy History https://t.co/OAfTt3MbUL via @YouTube"
2020-03-21 23:59:56,RT @denverpost: Many Colorado restaurateurs surprised to learn their business interruption coverage excludes virus or pandemic https://t.co‚Ä¶
2020-03-21 23:59:56,"RT @tackettdc: ""the profound need for personal praise, the propensity to blame others, the lack of human empathy, the penchant for rewritin‚Ä¶"
2020-03-21 23:59:56,RT @JoeBiden: Everyone knows that we're facing a real crisis from the coronavirus. But do you know how we got here and what we need to do n‚Ä¶
2020-03-21 23:59:56,How to protect yourself from coronavirus while shopping https://t.co/m6wyDFJZUJ
2020-03-21 23:59:56,"RT @Mike_Pence: We are pleased to hear that Geneva Wood, at 90 years young, is recovering from the Coronavirus and feeling good. We urge al‚Ä¶"
2020-03-21 23:59:55,"RT @Sulliview: The media must stop live-broadcasting Trump‚Äôs dangerous, destructive coronavirus briefings. My column https://t.co/nIs5L051zq"
2020-03-21 23:59:55,"RT @Inevitable_ET: If you are new to Q, and even if you‚Äôre not, let‚Äôs redpill 1 new person today about Q

NO ONE thinks this coronavirus is‚Ä¶"
2020-03-21 23:59:55,RT @jswatz: Heck of a paragraph from @peterbakernyt and @maggieNYT  https://t.co/qm5AIMLxTF https://t.co/ShJINUpKx7
2020-03-21 23:59:55,RT @ryanobles: The @BernieSanders campaign has stopped actively raising money for his candidacy- but instead used his vast online donor net‚Ä¶
2020-03-21 23:59:55,RT @xsqoof: wow... taken this afternoon.. I‚Äôve never seen LA this empty before tbh #coronavirus https://t.co/Pla4lABPyK
2020-03-21 23:59:55,"RT @DiamondandSilk: China just got caught lying again!
(Residents Yell It's 'All Fake' Regarding China's Coronavirus Recovery) https://t.co‚Ä¶"
2020-03-21 23:59:55,"RT @jxeker: hate that ‚Äúshortness of breath‚Äù is a coronavirus symptom, every time i get to the top of the stairs i think i‚Äôve got it then i‚Ä¶"
2020-03-21 23:59:55,RT @PepperOceanna: #OurPresidentBernie is handling this #CoronavirusPandemic better than anyone else running. His campaign literally put ca‚Ä¶
2020-03-21 23:59:55,"RT @TheDemCoalition: ""Trump‚Äôs attempt to blame a president who left office more than three years ago for his failure to act two months ago‚Ä¶"
2020-03-21 23:59:55,"RT @tancredipalmeri: Italian government has made a call on duty to all retired or formers doctors and nurses to help, as they needed 300 un‚Ä¶"
2020-03-21 23:59:55,RT @CarolineMoss: Just realized in 25 years there‚Äôs gonna be an American Girl doll who lived through the coronavirus pandemic and her $86 a‚Ä¶
2020-03-21 23:59:55,RT @Bzr924: Coronavirus causing market crashes everywhere in the world. Except Sinaloa...üòÇ https://t.co/H3llgjgpEN
2020-03-21 23:59:55,"RT @LoyalDefender2K: Shame on these utter elitist arrogant arseholes!

Celebrity cafe stays OPEN despite Boris Johnson's coronavirus ban ht‚Ä¶"
2020-03-21 23:59:55,RT @brfootball: BREAKING: AC Milan announce that Paolo Maldini and son Daniel Maldini have both tested positive for the coronavirus https:/‚Ä¶
2020-03-21 23:59:55,RT @JoeNBC: U.S. Intel agencies strongly warned Donald Trump in January and February about the dangers posed by the coronavirus while Trump‚Ä¶
2020-03-21 23:59:55,RT @RexChapman: These twin babies discussing Coronavirus at bedtime is the best thing you‚Äôll see today... https://t.co/p2QyV52tub
2020-03-21 23:59:55,"RT @TheGodLight: Let us pray together for those who are suffering across the world due to #coronavirus Only by working as one, will we conq‚Ä¶"
2020-03-21 23:59:55,RT @ChinaDaily: Fans sent lunch boxes with the names of #BTS‚Äôs #Jungkook and ARMY (the name for BTS‚Äô fans) to medical staff in Daegu. @BTS_‚Ä¶
2020-03-21 23:59:55,"RT @chuuzus: while other celebrities are singing to us, our president is actually donating money to help with the coronavirus."
2020-03-21 23:59:55,RT @iatemuggles: twin babies chatting about coronavirus https://t.co/3AH3Jk3v5f
2020-03-21 23:59:55,RT @iatemuggles: twin babies chatting about coronavirus https://t.co/3AH3Jk3v5f
2020-03-21 23:59:55,"RT @propublica: New: ‚ÄúIt first struck me how different it was when I saw my first coronavirus patient go bad. I was like, Holy shit, this i‚Ä¶"
2020-03-21 23:59:55,"RT @E4rthMan: @Wardaddy92 @Gael_LM @Julien_1981 @etretdurer007 @lemondefr https://t.co/NcpqyTjAl4
One notable feature of the coronavirus ou‚Ä¶"
2020-03-21 23:59:55,"RT @7NewsSydney: Coronavirus cases in Victoria have jumped by 49 only a day after 51 new cases were reported, bringing the statewide total‚Ä¶"
2020-03-21 23:59:55,"RT @RDNS_TAI: Dear everyone describing govt stimulus, it‚Äôs economically meaningless to add fiscal stimulus (tax and spending) &amp; monetary st‚Ä¶"
2020-03-21 23:59:55,"RT @NYGovCuomo: New York State is doing more #Coronavirus tests per capita than China and South Korea.

We are doing more tests than any ot‚Ä¶"
2020-03-21 23:59:55,"@Serwaa_Amihere Here in Ghana, Coronavirus go run leave us alone with all the pranks Coro is getting. You'll seeüòÇüòÇ"
2020-03-21 23:59:55,"RT @ThiaBallerina: US woman gets $34,927.43 bill for coronavirus treatment. 

Let‚Äôs do the math 

56% of CA x 34,927.43 = HOLY FUCKING HELL‚Ä¶"
2020-03-21 23:59:55,Fuckkkkkkkkk https://t.co/T3sZt5Kcga
2020-03-21 23:59:55,RT @samkarlin: New: Louisiana now has 763 known cases of coronavirus and 20 deaths. #lalege #lagov
2020-03-21 23:59:55,"RT @tribelaw: Call Trump‚Äôs News Conferences What They Are: Propaganda

‚ÄúOnly a liar ‚Äî and a weak man with delusions of competence ‚Äî would b‚Ä¶"
2020-03-21 23:59:55,RT @protectheflames: My new favourite thing is Italian mayors and regional presidents LOSING IT at people violating quarantine. Here's an e‚Ä¶
2020-03-21 23:59:55,RT @hent3369: My grandad is the 143th person to die of coronavirus in the UK. Learn from this. This virus will only spread if we don‚Äôt star‚Ä¶
2020-03-21 23:59:55,"RT @MailOnline: Loss of taste and smell could indicate coronavirus in patients who don't have a fever or cough, say medical experts https:/‚Ä¶"
2020-03-21 23:59:55,RT @jojojoanaaaa: ive heard the word ‚Äòcoronavirus‚Äô this week more than I‚Äôve heard my name my whole life
2020-03-21 23:59:55,"RT @Fah_Lo_Me: 39 yo, Natasha Ott, found dead in her kitchen on Friday-her coronavirus test from Monday still pending

She had initially pa‚Ä¶"
2020-03-21 23:59:55,RT @CarolineMoss: Just realized in 25 years there‚Äôs gonna be an American Girl doll who lived through the coronavirus pandemic and her $86 a‚Ä¶
2020-03-21 23:59:55,Keep pushing Dr. Fauci @realDonaldTrump I!  You are üíØ% right!  https://t.co/JU4i7v6Drn https://t.co/OGFPhqhMxI
2020-03-21 23:59:55,"RT @StefanMolyneux: I told you - communism is the real virus, coronavirus is just how it spreads

DOJ seeks new emergency powers amid coron‚Ä¶"
2020-03-21 23:59:55,RT @MarshaBlackburn: It‚Äôs no surprise the mainstream media is repackaging Chinese propaganda and sensationalizing its coverage of the coron‚Ä¶
2020-03-21 23:59:55,"RT @IAFarley1: Snicker..üòâSaw that coming didn't you? The Republicans have NO HEALTH PLAN SO, their only recourse would have to be OBAMACARE‚Ä¶"
2020-03-21 23:59:55,"RT @timkmak: ALERT: ""The Justice Department has quietly asked Congress for the ability to ask chief judges to detain people indefinitely wi‚Ä¶"
2020-03-21 23:59:55,"RT @ErikSolheim: Bravo!
South Korea üá∞üá∑ has set up ‚Äòphone booths‚Äô that can test people for the coronavirus in just 7 minutes. The country ha‚Ä¶"
2020-03-21 23:59:55,"RT @ErikSolheim: Bravo!
South Korea üá∞üá∑ has set up ‚Äòphone booths‚Äô that can test people for the coronavirus in just 7 minutes. The country ha‚Ä¶"
2020-03-21 23:59:55,RT @eugenegu: @realDonaldTrump The combination of hydroxychloroquine and azithromycin to treat the coronavirus has not been proven safe and‚Ä¶
2020-03-21 23:59:55,"RT @Barnes_Law: Turns out, according to recent reports,  Italy was calling deaths from others diseases ""coronavirus"" deaths that inflated t‚Ä¶"
2020-03-21 23:59:55,RT @JoeBiden: Everyone knows that we're facing a real crisis from the coronavirus. But do you know how we got here and what we need to do n‚Ä¶
2020-03-21 23:59:55,RT @Mr_Belutsch: Cyprus: Watch this dog get walked by a drone during a #coronavirus lockdown. https://t.co/M1dLrJppcA
2020-03-21 23:59:55,"RT @love4thegameAK: ""You people truly suck!""

An article circulating over the weekend implied @realDonaldTrump is pushing a coronavirus tre‚Ä¶"
2020-03-21 23:59:55,"RT @mehdirhasan: ""There were 10,356 confirmed cases across the state, Gov. Andrew Cuomo said at a news conference. A majority of those case‚Ä¶"
2020-03-21 23:59:55,RT @jappoffjones: Coronavirus Florida: Lake Worth Beach city commission meeting turns ugly https://t.co/bEzaULPOy3
2020-03-21 23:59:55,"RT @bennyjohnson: Taiwan Says It Warned @WHO About Coronavirus In December, But Its Warnings Were Ignored.

WHO Weeks later:

‚ÄúChinese auth‚Ä¶"
2020-03-21 23:59:55,"RT @IntelOperator: ‚ÄúIn the United States, the private company Athena Security is launching  ‚Äúartificially intelligent thermal cameras‚Äù that‚Ä¶"
2020-03-21 23:59:55,RT @PepperOceanna: #OurPresidentBernie is handling this #CoronavirusPandemic better than anyone else running. His campaign literally put ca‚Ä¶
2020-03-21 23:59:54,RT @dicksgraysn: i‚Äôm living for sophie turner dragging evangeline lilly and vanessa hudgens after they said the coronavirus quarantine is o‚Ä¶
2020-03-21 23:59:54,"RT @sandeep_PT: Friends

The bloody novel Coronavirus doesn't believe in astronomy, astrology, chants, bells, threats, or mind waves.

This‚Ä¶"
2020-03-21 23:59:54,"RT @kylegriffin1: Rihanna's nonprofit organization, the Clara Lionel Foundation, has donated $5 million towards Coronavirus response effort‚Ä¶"
2020-03-21 23:59:54,"RT @Amy_Siskind: We have surpassed 300,000 coronavirus cases worldwide.

Some perspective:
the first 100,000 took 3 months
the second 100,0‚Ä¶"
2020-03-21 23:59:54,"RT @NTarnopolsky: Breaking in Israel: In only four days, PM Netanyahu has shut down Israeli courts, ordered the internal security services‚Ä¶"
2020-03-21 23:59:54,RT @jappoffjones: Coronavirus Florida: Lake Worth Beach city commission meeting turns ugly https://t.co/bEzaULPOy3
2020-03-21 23:59:54,"RT @hmcd123: POTUS had Two Corona Tweets Today that had RR comms attached

What does RR have to do with Corona?

News unlocks the Map

Dr.‚Ä¶"
2020-03-21 23:59:54,RT @justicedems: ‚ÄúWe cannot respond to this with a bandaid. We need to respond to this with permanent systems and structures so that we do‚Ä¶
2020-03-21 23:59:54,"RT @bennyjohnson: Taiwan Says It Warned @WHO About Coronavirus In December, But Its Warnings Were Ignored.

WHO Weeks later:

‚ÄúChinese auth‚Ä¶"
2020-03-21 23:59:54,"RT @RepAdamSchiff: We need to bring people together to fight Coronavirus.

Blaming China may seem like good politics, but it doesn‚Äôt solve‚Ä¶"
2020-03-21 23:59:54,"RT @misayeon: Tzuyu donated supplies to schools in Cambodia, volunteered there, donated to students at her middle school, donated to 2 coun‚Ä¶"
2020-03-21 23:59:54,Coronavirus Confirmed Cases By Country/Region @23:59 UTC: Subject To Change: Now Amounting To 188 #coronavirus‚Ä¶ https://t.co/vI8harDWue
2020-03-21 23:59:54,RT @brfootball: BREAKING: AC Milan announce that Paolo Maldini and son Daniel Maldini have both tested positive for the coronavirus https:/‚Ä¶
2020-03-21 23:59:54,RT @iatemuggles: twin babies chatting about coronavirus https://t.co/3AH3Jk3v5f
2020-03-21 23:59:54,"RT @SocialistWitch: Coronavirus is not mother nature's 'cure' for 'evil humans'. 

The Earth doesn't suffer from humanity. It suffers from‚Ä¶"
2020-03-21 23:59:54,RT @jappoffjones: Coronavirus Florida: Lake Worth Beach city commission meeting turns ugly https://t.co/bEzaULPOy3
2020-03-21 23:59:54,"RT @An3ita5: I‚Äôm gonna repost this periodically:
Donald Trump was briefed about Coronavirus almost 3 months ago‚Äîand chose to ignore it."
2020-03-21 23:59:54,"RT @DrOlufunmilayo: UK companies now hiring

Aldi 9.48¬£ per hour
Amazon 9.50¬£/hour
Deliveroo 10¬£/hour
Iceland 9.10¬£/hour
JustEat 120¬£/day
L‚Ä¶"
2020-03-21 23:59:54,"RT @JoyAnnReid: Don't stop paying attention. Attorney General Barr, who has pushed to essentially refashion Donald Trump into a king, unche‚Ä¶"
2020-03-21 23:59:54,"RT @SenSanders: $34,927.43.

That is the medical bill an uninsured patient got for being tested and treated for the coronavirus.

This is n‚Ä¶"
2020-03-21 23:59:54,RT @antonioguterres: If we let #coronavirus spread like wildfire ‚Äì especially in the most vulnerable regions of the world - it would kill m‚Ä¶
2020-03-21 23:59:54,RT @BathysphereHat: FRIENDS. The stuff about nature healing and wildlife returning because of COVID-19 is fake. https://t.co/IlVdiSdlun
2020-03-21 23:59:54,"RT @JohnCornyn: Do you know the symptoms of #COVID19? Difficulty breathing, persistent pain or pressure in the chest, confusion, bluish lip‚Ä¶"
2020-03-21 23:59:54,RT @Noor_and_Alaa: We hope all our friends in Italy get recover as soon as possible .... Coronavirus is a danger epidemic in our history  w‚Ä¶
2020-03-21 23:59:54,"RT @Enviro_Finance: EU carbon price plunges as coronavirus hits industrial output

https://t.co/mkq475PDpA"
2020-03-21 23:59:54,"Gov. Cuomo announces there are over 10,000 cases of coronavirus in New York https://t.co/1P9moCA7Ij via @msnbc"
2020-03-21 23:59:54,"RT @kayleighmcenany: If you &amp; CNN would have paid attention to the White House coronavirus briefing, you would have the answer.

‚ÄúWe have p‚Ä¶"
2020-03-21 23:59:54,RT @TMZ: Rihanna's Clara Lionel Foundation Donates $5 Mill to Coronavirus Relief https://t.co/zEDfsgA4u6
2020-03-21 23:59:54,RT @slipperyhero: #AsianAmericans are saying that calling the #CoronavirusPandemic a #ChineseVirus is endangering all Asians Americans from‚Ä¶
2020-03-21 23:59:54,"RT @AlxThomp: Scoop: Bloomberg camp staffers in NYC HQ were notified late last night of a confirmed COVID-19 case in the office, potentiall‚Ä¶"
2020-03-21 23:59:54,"RT @NorbertElekes: Coronavirus update, Italy:

- 6,557 new cases in last 24 hours
- 53,578 cases in total
- 17,708 hospitalized
- 6,072 rec‚Ä¶"
2020-03-21 23:59:54,RT @iatemuggles: twin babies chatting about coronavirus https://t.co/3AH3Jk3v5f
2020-03-21 23:59:54,"@mitchellvii So many questions.  First off, few flu cases are hospitalized.  Second, most flu cases are spread out‚Ä¶ https://t.co/fZ4UvVXF4c"
2020-03-21 23:59:54,"RT @2020predicts: The Coronavirus outbreak will see a dramatic decrease in cases and will be on a stable, contained level by the Summer."
2020-03-21 23:59:54,RT @GovMikeHuckabee: Same chowderhead chuckling it up w/ Don Lemon over the ‚Äúcredulous rubes‚Äù @realDonaldTrump  supporters are-is now using‚Ä¶
2020-03-21 23:59:54,"RT @JuliaDavisNews: @AshaRangappa_ How many test kits were sent to Los Angeles, @kayleighmcenany?
 
L.A. County gives up on containing COVI‚Ä¶"
2020-03-21 23:59:54,"RT @TorSunCity: Climate change sucked up all the oxygen in the room when it came to a global crisis
We gambled on the wrong threat, says @s‚Ä¶"
2020-03-21 23:59:54,RT @iatemuggles: twin babies chatting about coronavirus https://t.co/3AH3Jk3v5f
2020-03-21 23:59:54,RT @guardiannews: Former Real Madrid president Lorenzo Sanz dies of coronavirus https://t.co/UB8CfLwvo8
2020-03-21 23:59:54,"RT @nickmartin: Neo-Nazis on Telegram have been talking about ways to *spread* coronavirus to cause chaos.

It's caught the attention of fe‚Ä¶"
2020-03-21 23:59:54,"RT @DrTedros: #HealthWorkers are at higher risk of #COVID19. 

They are doing their jobs, despite the jeopardy, stress &amp; fatigue. We ask th‚Ä¶"
2020-03-21 23:59:54,"RT @ASBreakingNews: WATCH: #CORONAVIRUS- China‚Äôs police are now wearing SMART HELMETS that identify potential coronavirus carriers. 

 http‚Ä¶"
2020-03-21 23:59:54,"RT @XArmandKleinX: üá∫üá∏Vice President Mike Pence on Saturday said he will be tested for the coronavirus , after one of his staffers tested po‚Ä¶"
2020-03-21 23:59:54,"RT @QuickTake: After closing Disneyland and Disney World, @DisneyParks are donating excess food inventory to @2ndHarvestGNOA food bank #Cor‚Ä¶"
2020-03-21 23:59:54,"RT @keithboykin: Four Republican Senators have now been implicated in this coronavirus insider trading scandal.

1. Richard Burr (NC)
2. Ji‚Ä¶"
2020-03-21 23:59:54,RT @CTVNews: France is now using helicopters and drones to enforce virus restrictions https://t.co/XIPwYCADC6 https://t.co/qJ2LgHRaVV
2020-03-21 23:59:54,Trump is now pretending he 'always' took the coronavirus 'very seriously' https://t.co/4OKEXb9FX2
2020-03-21 23:59:54,"KASHMIR | INDIAN ARMED FORCES BUDGET | MORE THAN HALF NEEDS TO BE SPENT ON OCCUPATION | NO MONEY FOR CORONAVIRUS

""‚Ä¶ https://t.co/FAEvR7ASUT"
2020-03-21 23:59:54,RT @RobertMaguire_: Kelly Loeffler's husband sold $3.5 million in shares of his own company -- the NYSE parent company -- then share value‚Ä¶
2020-03-21 23:59:54,"RT @bristei: NEW: Two more employees from Fox News have tested positive for coronavirus, per new Saturday evening memo from executives, bri‚Ä¶"
2020-03-21 23:59:54,"RT @propublica: ‚ÄúIt first struck me how different it was when I saw my first coronavirus patient go bad. I was like, Holy shit, this is not‚Ä¶"
2020-03-21 23:59:54,"RT @TNCommerceInsur: .@fema has launched a website with correct, key information to address rumors and misinformation on many COVID-19 rela‚Ä¶"
2020-03-21 23:59:54,"RT @NorbertElekes: Coronavirus update, Italy:

- 6,557 new cases in last 24 hours
- 53,578 cases in total
- 17,708 hospitalized
- 6,072 rec‚Ä¶"
2020-03-21 23:59:54,@mulligannaomia @TarynDeVere It's really not. We're capable of caring about more than one thing at a time and after‚Ä¶ https://t.co/DmCbAwYTK6
2020-03-21 23:59:54,"RT @HillaryClinton: The Trump administration was told in January that coronavirus was likely to become a pandemic. 

They refused to act fo‚Ä¶"
2020-03-21 23:59:54,"RT @NayanikaM: As we swap Netflix suggestions and hold Skype parties, spare a thought for Kashmir which has been put under a lockdown since‚Ä¶"
2020-03-21 23:59:54,RT @mgrant76308: President Trump on China hiding coronavirus early on: ‚ÄúI wish they could have told us earlier about what was going on insi‚Ä¶
2020-03-21 23:59:54,"RT @NBCConnecticut: 223 Cases of Coronavirus Now in Connecticut; State Announces Fifth Death
https://t.co/tToTRj1Kco"
2020-03-21 23:59:54,RT @DavidCornDC: It‚Äôs hard‚Äîbut perhaps necessary‚Äîto mix politics and the #coronavirus crisis. Did @joebiden and @RonaldKlain get it right?
2020-03-21 23:59:54,"RT @jentaub: Why don‚Äôt we have this in America?

https://t.co/YNimFRLD2t"
2020-03-21 23:59:54,RT @LouDobbs: 2005 US NIH Study Found Chloroquine Was Effective in Treating Coronavirus In Primates -- Why Was This Ignored? https://t.co/Z‚Ä¶
2020-03-21 23:59:54,"RT @jxeker: hate that ‚Äúshortness of breath‚Äù is a coronavirus symptom, every time i get to the top of the stairs i think i‚Äôve got it then i‚Ä¶"
2020-03-21 23:59:54,"Loblaw, Metro announce pay boost for staff during COVID-19 pandemic https://t.co/EhGtc7tVRh"
2020-03-21 23:59:54,RT @supermodeldaiIy: Chiara Ferragni reacts to Doutzen‚Äôs ‚ÄúThank you coronavirus‚Äù post on Instagram https://t.co/gypE1cqvRu
2020-03-21 23:59:54,"RT @DianeMariePosts: IMHO, Mr. Trudeau has absolutely nothing to learn from Stephen Harper, who seems to be stuck in AB because of the Coro‚Ä¶"
2020-03-21 23:59:54,RT @brianklaas: Trump says the US response to coronavirus was ‚Äúperfect.‚Äù Does it look perfect compared to this?
2020-03-21 23:59:54,"RT @NathanHamill: I believe, as a flat Earther, to beat the Coronavirus, we should simply flip the Earth over and live on the other side so‚Ä¶"
2020-03-21 23:59:54,"@AndrewFeinberg Hey Andy, did u try researching before you tweeted?  https://t.co/sdFWvmaYhd The French study had s‚Ä¶ https://t.co/7y5QQ4tmgq"
2020-03-21 23:59:54,"RT @MobilePunch: China reports zero coronavirus case for third day running
https://t.co/YqU8pxvJ9B"
2020-03-21 23:59:54,RT @wef: How to run an effective virtual meeting https://t.co/LnQU4YLxEU #COVID19 #coronavirus https://t.co/WirW2Wzhqc
2020-03-21 23:59:54,"Although these pieces-of-shit should be removed from office and placed in prison, I have no doubt that with the two‚Ä¶ https://t.co/YVY3C3TGN3"
2020-03-21 23:59:54,RT @_cesargamas: wow...taken this morning....never seen Vegas this empty before tbh #coronavirus https://t.co/9YbvuimUX2
2020-03-21 23:59:54,"RT @worldflood1: U.S. intelligence agencies were issuing ominous, classified warnings in January and February about the global danger posed‚Ä¶"
2020-03-21 23:59:54,Austinites: We want to personally challenge you to join us in this #CoronavirusChallenge2020 to give from your extr‚Ä¶ https://t.co/JrflNOAZwV
2020-03-21 23:59:53,"RT @MayorBowser: As of 7:00 p.m. on Saturday, March 21, the District‚Äôs coronavirus (COVID-19) data includes 21 new positive cases, bringing‚Ä¶"
2020-03-21 23:59:53,"RT @KhandaniM: People who live in urban areas who interacted with white people or the travelling middle class, please dont go 2Rural areas‚Ä¶"
2020-03-21 23:59:53,A Timeline of the Coronavirus - The New York Times https://t.co/Doco6iFzPr
2020-03-21 23:59:53,"RT @ajplus: ""We're not even counting the dead anymore.""

Listen to this nurse's emotional plea about working during the #coronavirus outbre‚Ä¶"
2020-03-21 23:59:53,"RT @RepAdamSchiff: We need to bring people together to fight Coronavirus.

Blaming China may seem like good politics, but it doesn‚Äôt solve‚Ä¶"
2020-03-21 23:59:53,RT @dicksgraysn: i‚Äôm living for sophie turner dragging evangeline lilly and vanessa hudgens after they said the coronavirus quarantine is o‚Ä¶
2020-03-21 23:59:53,RT @tahjaslays: The government trying to contain the Coronavirus but we keep going outside https://t.co/qDrd18stFo
2020-03-21 23:59:53,RT @PepperOceanna: #OurPresidentBernie is handling this #CoronavirusPandemic better than anyone else running. His campaign literally put ca‚Ä¶
2020-03-21 23:59:53,"RT @strangeharbors: All phones for the coronavirus hotline are jammed up, as well as all numbers from @NYGovCuomo‚Äôs press conferences. If a‚Ä¶"
2020-03-21 23:59:53,RT @riosmatt: @jaredodessky @Harvard_Law Hmmm. ALL of @Penn‚Äôs dining hall workers are subcontracted and are facing layoffs. Looks like tens‚Ä¶
2020-03-21 23:59:53,RT @TeaPainUSA: Then she ordered a pulled-pork sandwich and a shrimp basket. https://t.co/jyWvLwQGZ2
2020-03-21 23:59:53,"@nicktolhurst Good! They asked for Brexit. 
Coronavirus will kill the idea of Brexit."
2020-03-21 23:59:53,"RT @jentaub: Why don‚Äôt we have this in America?

https://t.co/YNimFRLD2t"
2020-03-21 23:59:53,Coronavirus: Italy escalates lockdown as death toll rises #Coronavirus https://t.co/WzWKMiepmk
2020-03-21 23:59:53,"RT @PAdugout: #Breaking Former Real Madrid president Lorenzo Sanz has died of coronavirus aged 76, LaLiga has announced https://t.co/SNECRU‚Ä¶"
2020-03-21 23:59:53,RT @guardian: Doctors warn coronavirus could overwhelm NHS ‚Äòwithin weeks‚Äô https://t.co/NL5rzDT3cX
2020-03-21 23:59:53,RT @shaunking: BREAKING: A staggering 793 people died TODAY alone in Italy from the Coronavirus. That makes it the single deadliest day for‚Ä¶
2020-03-21 23:59:53,"RT @BillKristol: ""President Trump has responded to the coronavirus outbreak by (among other things) promising it would go away by itself, p‚Ä¶"
2020-03-21 23:59:53,"RT @MSUExtService: üé•In this video, @DrBuys and @CourtneyACrist answer many of the questions you might be having about food and the #coronav‚Ä¶"
2020-03-21 23:59:53,"RT @RedTRaccoon: DOJ Wants to Suspend Constitutional Rights During Coronavirus Emergency

The Department of Justice has secretly asked Cong‚Ä¶"
2020-03-21 23:59:53,RT @PepperOceanna: #OurPresidentBernie is handling this #CoronavirusPandemic better than anyone else running. His campaign literally put ca‚Ä¶
2020-03-21 23:59:53,"RT @ChefConsultant: Please help me to meet bread demand during #coronavirus I am looking for good people to donate a bread mixer, I will ru‚Ä¶"
2020-03-21 23:59:53,RT @SteveDeaceShow: Unbelievable ‚Äî Italy admits it had overestimated its death rate from #coronavirus. And Germany‚Äôs death rate is only 0.3‚Ä¶
2020-03-21 23:59:53,RT @kylegriffin1: The White House is launching a communications plan across multiple federal agencies that focuses on accusing Beijing of o‚Ä¶
2020-03-21 23:59:53,RT @iatemuggles: twin babies chatting about coronavirus https://t.co/3AH3Jk3v5f
2020-03-21 23:59:53,"""As Democratic House &amp; Republican Senate spar over how aggressively 2 move, the example set by the UK‚Äôs Conservativ‚Ä¶ https://t.co/YjxQEYnMkm"
2020-03-21 23:59:53,RT @murpharoo: The economy in this instance is stopping because someone has decreed that it stop. @GrogsGamut previews the stimulus https:/‚Ä¶
2020-03-21 23:59:53,"RT @TheFigen: Best place to avoid contact with coronavirus! Is this ok for you? üòÅüòÅ

https://t.co/kNgt9mMfcS"
2020-03-21 23:59:53,"RT @saribes: While airports SHOULD BE IN #coronavirus lockdown...

‚û°Ô∏èfully equipped Spanish military disinfect #Barcelona's airport

‚û°Ô∏èagai‚Ä¶"
2020-03-21 23:59:53,RT @FernandoAmandi: China‚Äôs ambassador cheered Hillary Clinton for advancing the Chinese Communist Party‚Äôs official line about the coronavi‚Ä¶
2020-03-21 23:59:53,"Curbside beer delivery!
@DaredevilBeerTR @DaredevilBeer 

What breweries are doing curbside beer? 
Let us know for‚Ä¶ https://t.co/XgidvCfutO"
2020-03-21 23:59:53,"RT @SkyNews: ""They are fighting a war here and they are losing.""

Chief correspondent @RamsaySky reports from a hospital in the Italian cit‚Ä¶"
2020-03-21 23:59:53,"RT @timkmak: ALERT: ""The Justice Department has quietly asked Congress for the ability to ask chief judges to detain people indefinitely wi‚Ä¶"
2020-03-21 23:59:53,RT @Richzeoli: New Jersey reminder: at 9:01pm the coronavirus will start spreading again so you must confine yourself to your homes until t‚Ä¶
2020-03-21 23:59:53,RT @ninaturner: 'Not Done Yet': ‚Å¶@BernieSanders‚Å© Campaign Mobilizes Donors for #Coronavirus Relief and Raises $2 Million | ‚Å¶@commondreams‚Å©‚Ä¶
2020-03-21 23:59:53,RT @PepperOceanna: #OurPresidentBernie is handling this #CoronavirusPandemic better than anyone else running. His campaign literally put ca‚Ä¶
2020-03-21 23:59:53,RT @AdyBarkan: The massive scandal about Republican senators trading on coronavirus intel didn't even last one news cycle.
2020-03-21 23:59:53,"RT @ajamubaraka: Why is it that a number of governments are using a drug produced in Cuba, including China, in fight against coronavirus  b‚Ä¶"
2020-03-21 23:59:53,"A must-read:
https://t.co/bJlpZvh9Km"
2020-03-21 23:59:53,RT @JohnTheBristol: Not surprised @Grubhub pulled a complete publicity stunt. https://t.co/pvAEJchgxE
2020-03-21 23:59:53,"RT @PaisleyGina: #IlhanOmarSpeaksForMe 

Lawmakers Demand That ICE Stop Arresting Immigrants to Prevent Spreading Coronavirus Among Detaine‚Ä¶"
2020-03-21 23:59:53,"RT @charliekirk11: The Washington Post:

‚ÄúThe US Should Have Led the Coronavirus response. Instead, China Stepped Up‚Äù

By ‚Äústepped up‚Äù do t‚Ä¶"
2020-03-21 23:59:53,RT @TeaPainUSA: Trump was first briefed on #Covid19 in December 2019.  He‚Äôs the culprit. https://t.co/L6HysH4jB1
2020-03-21 23:59:53,RT @nytimes: The sight of National Guard members being deployed in several states has prompted false rumors of martial law and military-enf‚Ä¶
2020-03-21 23:59:53,"RT @RepAdamSchiff: We need to bring people together to fight Coronavirus.

Blaming China may seem like good politics, but it doesn‚Äôt solve‚Ä¶"
2020-03-21 23:59:53,"RT @Hthepeach: Hi everyone, my entire team got laid off because of the Coronavirus. The owners of the salon are raising money for everyone‚Ä¶"
2020-03-21 23:59:53,"RT @LAPDHQ: Coronavirus has postponed the funeral of @PhillyPolice Corporal James O‚ÄôConnor ‚Äî a husband, a father of two ‚Äî who was shot and‚Ä¶"
2020-03-21 23:59:53,"And if you don‚Äôt believe me, read this article: 
https://t.co/TbnuBIotwW
https://t.co/3s1D641ttV https://t.co/rwshBW1jat"
2020-03-21 23:59:53,"RT @Upyourjunker1: Brits ignore coronavirus lockdown to pack into beaches, parks and holiday camps

Brits descended on beaches in Brighton,‚Ä¶"
2020-03-21 23:59:53,RT @JoeBiden: Everyone knows that we're facing a real crisis from the coronavirus. But do you know how we got here and what we need to do n‚Ä¶
2020-03-21 23:59:53,"RT @Louis_Akindele: The people dying due to Coronavirus in 3 weeks are likely being infected unknowingly today. 

Keep your distance. Wash‚Ä¶"
2020-03-21 23:59:53,Bad times for employees in the air travel industry. Of course airlines that gouged passengers for ancillary revenue‚Ä¶ https://t.co/Az6MylVJQe
2020-03-21 23:59:53,"RT @nowthisnews: ‚ÄòWithout taking drastic measures, the healthy and optimistic among us will doom the vulnerable‚Äô ‚Äî¬†Literally everyone shoul‚Ä¶"
2020-03-21 23:59:53,RT @CarolineMoss: Just realized in 25 years there‚Äôs gonna be an American Girl doll who lived through the coronavirus pandemic and her $86 a‚Ä¶
2020-03-21 23:59:53,"RT @Artortoise_full: Starting from 12 am, PDRM will be actively assisted by ATM in hope to combat COVID19 from spreading continuously throu‚Ä¶"
2020-03-21 23:59:53,RT @FourFourTweet: AC Milan have announced that Paolo Maldini and son Daniel Maldini have both tested positive for coronavirus. https://t.c‚Ä¶
2020-03-21 23:59:53,RT @Amirahaj: The lengths the gov has gone to to ensure our safety + prevent spreading of coronavirus. From paying for everyone to go back‚Ä¶
2020-03-21 23:59:53,RT @lauraNYC212: We are experiencing a pandemic lockdown because the Chinese Communist govt suppressed information instead of suppressing v‚Ä¶
2020-03-21 23:59:53,RT @RachelDonadio: *** Italian PM Conte just announced #Italy would close ALL NON-ESSENTIAL BUSINESSES nationwide. Making people stay home.‚Ä¶
2020-03-21 23:59:53,"RT @maggieNYT: ""The White House rejects any criticism of the president as illegitimate"" https://t.co/qyf87JqMy1"
2020-03-21 23:59:53,"RT @nytopinion: ""I don‚Äôt want to act like a tough guy, like I stood up to the president. I just want to get the facts out. And instead of s‚Ä¶"
2020-03-21 23:59:53,RT @iatemuggles: twin babies chatting about coronavirus https://t.co/3AH3Jk3v5f
2020-03-21 23:59:53,"RT @BenjaminRamm: NEW: Boris Johnson initiated a partial shutdown only after Macron threatened to close the border, warning that the rest o‚Ä¶"
2020-03-21 23:59:53,RT @hi_pah: This Coronavirus Dashboard will become even more useful in the coming days and weeks.       #TheMoreYouKnow  https://t.co/z7C74‚Ä¶
2020-03-21 23:59:53,"RT @RVAwonk: ‚ÄúI didn‚Äôt act late, I acted earlier than anyone else thought I should be,‚Äù Trump says of his #coronavirus response. (This is f‚Ä¶"
2020-03-21 23:59:53,"RT @MuhammadLila: In Utah, a 90-year old US veteran had to cancel his birthday party due to #coronavirus fears.

He was devastated.

When t‚Ä¶"
2020-03-21 23:59:53,"RT @SilERabbit: Corporate Dems: Don't worry about Joe Biden's obvious cognitive issues, we'll put good people around him.

Also Corporate D‚Ä¶"
2020-03-21 23:59:53,"RT @CarolineLucas: Spot on from @guardian

‚ÄúWe squandered time we could have spent preparing &amp; ignored lessons from abroad.  To many watchi‚Ä¶"
2020-03-21 23:59:53,People better wake the hell up!!!DOJ Wants to Suspend Constitutional Rights for Coronavirus Emergency - Rolling Sto‚Ä¶ https://t.co/s8cFWr1Qos
2020-03-21 23:59:53,"RT @musicrocksit452: The early signs of an antiviral therapy remdesivir, is thought to work by blocking virus from reproducing itself &amp; may‚Ä¶"
2020-03-21 23:59:53,RT @CNN: The chairwoman of the Congressional Asian Pacific American caucus said it is dangerous for President Trump to continue referring t‚Ä¶
2020-03-21 23:59:53,"RT @jasonbaum: @realDonaldTrump your lies are exposed by men &amp; women unintimidated by a thug, a racist, an acting-president. #coronavirus i‚Ä¶"
2020-03-21 23:59:53,RT @OHAOregon: You can help our state's #COVID19 response by donating or volunteering with @OregonOEM  Want to help? Fill out a short surve‚Ä¶
2020-03-21 23:59:52,RT @RealYungCripp: The coronavirus got a TED Talk https://t.co/f3K1nJls9V
2020-03-21 23:59:52,"RT @NAChristakis: Converting gyms to wards: preparing for a pandemic. 
1918 Influenza pandemic at @IowaStateU 
2020 Coronavirus pandemic at‚Ä¶"
2020-03-21 23:59:52,"RT @ErikSolheim: Bravo!
South Korea üá∞üá∑ has set up ‚Äòphone booths‚Äô that can test people for the coronavirus in just 7 minutes. The country ha‚Ä¶"
2020-03-21 23:59:52,"RT @QasimRashid: My God

Neo Nazis &amp; white supremacists are apparently planning to target law enforcement agents &amp; ‚Äúnonwhite‚Äù people with a‚Ä¶"
2020-03-21 23:59:52,"RT @cascamike: good morning, but especially to everyone who helped @BernieSanders raise $2 million in 48 hours for groups on the frontlines‚Ä¶"
2020-03-21 23:59:52,"RT @PattyMurray: Our primary goal right now is to slow the spread of the coronavirus. That means practicing social distancing, washing your‚Ä¶"
2020-03-21 23:59:52,"RT @JoeBiden: The coronavirus test should be made widely available and free.

The coronavirus vaccine, when ready, should be made widely av‚Ä¶"
2020-03-21 23:59:52,"RT @Matthew55477081: @GaetaSusan The coronavirus isn‚Äôt Trump‚Äôs fault.

Ebola wasn‚Äôt Obama‚Äôs fault.

SARS wasn‚Äôt Bush‚Äôs fault.

And only a h‚Ä¶"
2020-03-21 23:59:52,RT @RobertMaguire_: Kelly Loeffler's husband sold $3.5 million in shares of his own company -- the NYSE parent company -- then share value‚Ä¶
2020-03-21 23:59:52,"RT @nysdmv: At @NYGovCuomo's direction, all DMV offices statewide are closed until further notice. While offices are closed, expiration dat‚Ä¶"
2020-03-21 23:59:52,"RT @eacayan: Pasaway daw ang mahirap?

Residents of Manila's poorer districts defend against the coronavirus by putting up makeshift barric‚Ä¶"
2020-03-21 23:59:52,"RT @PAdugout: #Breaking Former Real Madrid president Lorenzo Sanz has died of coronavirus aged 76, LaLiga has announced https://t.co/SNECRU‚Ä¶"
2020-03-21 23:59:52,"RT @SecretaryCarson: As communities combat the #Coronavirus outbreak, @hudgov is highlighting stories of communities coming together to hel‚Ä¶"
2020-03-21 23:59:52,RT @iatemuggles: twin babies chatting about coronavirus https://t.co/3AH3Jk3v5f
2020-03-21 23:59:52,"RT @levfacher: .@AFP says Nigerian officials have reported poisoning ""caused by self-medication"" of chloroquine, a formulation of the drug‚Ä¶"
2020-03-21 23:59:52,RT @KVUE: Coronavirus updates in Central Texas: Travis County now has 62 confirmed cases https://t.co/OKVfd3I4Rw
2020-03-21 23:59:52,RT @JoeBiden: Everyone knows that we're facing a real crisis from the coronavirus. But do you know how we got here and what we need to do n‚Ä¶
2020-03-21 23:59:52,"RT @AmbJohnBolton: China silenced coronavirus whistleblowers, expelled journalists, destroyed samples, refused CDC help, and concealed coun‚Ä¶"
2020-03-21 23:59:52,i just wish i was quarantined with Britt granny. i know that mf got all the damn ginger and vitamins bitch. the cur‚Ä¶ https://t.co/TtIyzW1Rb4
2020-03-21 23:59:52,RT @SethAbramson: retweet if you're angry about how all this is being handled #coronavirus
2020-03-21 23:59:52,"RT @spectatorindex: Most coronavirus deaths

Italy: 3405
China: 3245
Iran: 1284
Spain: 830
France: 372
US: 171
UK: 144
South Korea: 91
Neth‚Ä¶"
2020-03-21 23:59:52,"RT @cherylbolen: Birds aren‚Äôt real, but #coronavirus is. https://t.co/0BxyjBNLHH"
2020-03-21 23:59:52,RT @swosu: Southwestern Oklahoma State University is moving to FULLY VIRTUAL COURSE DELIVERY FOR THE REMAINDER OF SPRING SEMESTER 2020. For‚Ä¶
2020-03-21 23:59:52,RT @TCChoco: Me and my best friend reuniting once coronavirus has disappeared
2020-03-21 23:59:52,RT @iatemuggles: twin babies chatting about coronavirus https://t.co/3AH3Jk3v5f
2020-03-21 23:59:52,"RT @itvcalendar: Coronavirus cases in Yorkshire and Lincolnshire - 21 March.
Sheffield - 61
Leeds - 20
North Yorkshire - 16
East Yorkshire‚Ä¶"
2020-03-21 23:59:52,RT @NinEverything: GameStop closing all stores as of March 22 due to coronavirus https://t.co/jadabtWi4T https://t.co/X8PokdwNZn
2020-03-21 23:59:52,RT @iatemuggles: twin babies chatting about coronavirus https://t.co/3AH3Jk3v5f
2020-03-21 23:59:52,"RT @paulsperry_: To be clear, Zinc is no help w/o Chloroquine. Zinc can inhibit the replication of the coronavirus, but first it has to get‚Ä¶"
2020-03-21 23:59:52,"RT @sweetromance: Dr. Oz Cheers Chloroquine Treatment on Coronavirus: ""Biggest Game Changer of All - Completely Changes Behavior of the Vir‚Ä¶"
2020-03-21 23:59:52,"RT @peachyslen: to anyone who like to say ‚Äúwe‚Äôre not scared of coronavirus and anything, we‚Äôre only scared of god‚Äù pls give them this video‚Ä¶"
2020-03-21 23:59:52,RT @JohnCornyn: We Are in This Crisis Because of the Decisions of the Chinese Government https://t.co/VU9SgiOnzN
2020-03-21 23:59:52,"RT @jxeker: hate that ‚Äúshortness of breath‚Äù is a coronavirus symptom, every time i get to the top of the stairs i think i‚Äôve got it then i‚Ä¶"
2020-03-21 23:59:52,"RT @Care2much18: Ireland has conducted close to 5,000 tests (4,852) for coronavirus in the last 7 days. On a per capita basis, that's 7x mo‚Ä¶"
2020-03-21 23:59:52,"RT @muftimenk: There are still people who aren‚Äôt taking this #coronavirus outbreak seriously. Remember, it‚Äôs not just about you. Spare a th‚Ä¶"
2020-03-21 23:59:52,"The Independent: Italy coronavirus death toll rockets by 793 in a day, with more than 6,500 new cases recorded...‚Ä¶ https://t.co/RsAFNIDqww"
2020-03-21 23:59:52,"RT @CBSNews: ‚ÄúIf I get corona, I get corona. At the end of the day, I'm not gonna let it stop me from partying‚Äù: Spring breakers are still‚Ä¶"
2020-03-21 23:59:52,"RT @kelly2277: üî•BREAKING NEWSüî•Kansas City-area residents will be ordered to stay at home except for essential needs, beginning March 24 for‚Ä¶"
2020-03-21 23:59:52,"RT @TDorjeArt: This is heartbreaking. Italy‚Äôs death toll rose by 793 in one day to 4825.

This virus is not a joke. It‚Äôs not the flu, it‚Äôs‚Ä¶"
2020-03-21 23:59:52,RT @jvplive: TERRIFYING NEWS - Palestinians report 1st cases of coronavirus in Gaza Strip https://t.co/r4TTlFEh5b
2020-03-21 23:59:52,"RT @FrankLuntz: The U.S. is now 3rd worldwide in number of #coronavirus cases, behind only China and Italy.

‚Ä¢ China: 81,305
‚Ä¢ Italy: 53,57‚Ä¶"
2020-03-21 23:59:52,RT @funder: Trump blames China for his slow response to coronavirus. Then says Dr. Fauci would liked to have known earlier from China about‚Ä¶
2020-03-21 23:59:52,"RT @NRA: Americans are flocking to gun stores because they know the only reliable self-defense during a crisis is the #2A.

Carletta Whitin‚Ä¶"
2020-03-21 23:59:52,"RT @Team_Rankin: Hey guys and girls, here‚Äôs my #WBCworkout üëäüèªüíö 
Follow me on Instagram and twitter for more home workout ideas.
Stay Safe!‚Ä¶"
2020-03-21 23:59:52,RT @EdwardAlamo1: 'Blood on their hands:' Teachers say de Blasio and Carranza helped spread coronavirus https://t.co/W9A11CgZUg via @nypmet‚Ä¶
2020-03-21 23:59:52,"RT @GovInslee: The state created a website for all COVID-19 related information.

‚úÖ Resources available to families, workers and businesses‚Ä¶"
2020-03-21 23:59:52,"RT @SethAbramson: MAJOR BREAKING NEWS: U.S. Intelligence Tried to Warn Trump About Coronavirus‚Äîand He Ignored Them

NOTE: Please RETWEET th‚Ä¶"
2020-03-21 23:59:52,"RT @MaryCallahanB: Word of massive crowds and #SocialDistancing fails  @SonomaParks and all over the #SonomaCoast. C‚Äômon, folks. Outdoor ac‚Ä¶"
2020-03-21 23:59:52,RT @ulomareen: Patient 31 in South Korea is known to be responsible for the majority of Coronavirus cases in the country. How? She went to‚Ä¶
2020-03-21 23:59:52,We tracked the last time the government bailed out the economy. Here‚Äôs what to know about the $1 trillion coronavir‚Ä¶ https://t.co/eQSXjogQCX
2020-03-21 23:59:52,"RT @maggieNYT: Even Fauci has had to get in on the praising act periodically, something that administration officials long ago realized was‚Ä¶"
2020-03-21 23:59:52,RT @TeaPainUSA: This is what happens when an administration ignores a pandemic and labels it a ‚Äúhoax.‚Äù https://t.co/NbkpksFFs4
2020-03-21 23:59:52,"RT @Investingcom: GLOBAL #CORONAVIRUS CASES REACH 304,086

üá®üá≥81,008
üáÆüáπ53,578
üá™üá∏25,496
üá∫üá∏23,513
üá©üá™22,255
üáÆüá∑20,610
üá´üá∑14,459
üá∞üá∑8,799
üá®üá≠6,863‚Ä¶"
2020-03-21 23:59:52,RT @dicksgraysn: i‚Äôm living for sophie turner dragging evangeline lilly and vanessa hudgens after they said the coronavirus quarantine is o‚Ä¶
2020-03-21 23:59:52,"RT @ESPNFC: The former president of Real Madrid, Lorenzo Sanz, has died at the age of 76 after contracting the coronavirus. https://t.co/6b‚Ä¶"
2020-03-21 23:59:52,"RT @business: We are mapping the Coronavirus outbreak across the world, Here's everything you need to know about it"
2020-03-21 23:59:52,Majority of Americans approve of Trump's handling of coronavirus: poll https://t.co/bH1G0He8dS via @nypost
2020-03-21 23:59:52,RT @PepperOceanna: #OurPresidentBernie is handling this #CoronavirusPandemic better than anyone else running. His campaign literally put ca‚Ä¶
2020-03-21 23:59:52,"RT @Sporf: üôè Paolo Maldini and his son Daniel have tested positive for coronavirus.

üí™ Wishing them both a speedy and successful recovery!‚Ä¶"
2020-03-21 23:59:52,"RT @timkmak: ALERT: ""The Justice Department has quietly asked Congress for the ability to ask chief judges to detain people indefinitely wi‚Ä¶"
2020-03-21 23:59:52,RT @iatemuggles: twin babies chatting about coronavirus https://t.co/3AH3Jk3v5f
2020-03-21 23:59:51,"RT @NorbertElekes: Coronavirus pandemic:

From 0 to 100,000 cases: 110 days

From 100,000 to 200,000 cases: 12 days

From 200,000 to 300,00‚Ä¶"
2020-03-21 23:59:51,"RT @AmbJohnBolton: China silenced coronavirus whistleblowers, expelled journalists, destroyed samples, refused CDC help, and concealed coun‚Ä¶"
2020-03-21 23:59:51,RT @CREWcrew: Senators who sold stocks when they may have had nonpublic information about the threat of coronavirus need to be investigated‚Ä¶
2020-03-21 23:59:51,RT @JustLeadersUSA: Releasing vulnerable people from jails is crucial to preventing devastating health consequences. We must continue to op‚Ä¶
2020-03-21 23:59:51,@DavidLeyonhjelm This imformation is scientifically Correct. The virus is destroyed by #soap. #coronavirus. #auspol
2020-03-21 23:59:51,RT @shaunking: BREAKING: A staggering 793 people died TODAY alone in Italy from the Coronavirus. That makes it the single deadliest day for‚Ä¶
2020-03-21 23:59:51,"RT @NewYorkStateAG: I cannot stress this enough, everyone is at risk of contracting #coronavirus, no matter how young or healthy you are.‚Ä¶"
2020-03-21 23:59:51,"RT @misayeon: Tzuyu donated supplies to schools in Cambodia, volunteered there, donated to students at her middle school, donated to 2 coun‚Ä¶"
2020-03-21 23:59:51,RT @maxphillips: What a diabolical fuck up: Why Nobody Knows How Many Americans Have the Coronavirus - The Atlantic https://t.co/HxN3DIc83F
2020-03-21 23:59:51,@Louie16472283 @the_under_score @GovInslee 22% daily growth in WA state. 40% daily growth in the entire US. Imagine‚Ä¶ https://t.co/Xh7ZFRfpsZ
2020-03-21 23:59:51,RT @derekrford: 'Cuba‚Äôs international efforts to stem the spread of the virus outside its borders are part of a long and consistent pattern‚Ä¶
2020-03-21 23:59:51,"@xozackk @kknitch doing the right thing then, out to get the coronavirus"
2020-03-21 23:59:51,RT @WIONews: Sri Lanka imposes nation-wide curfew as confirmed coronavirus cases in the country rise to over 75. @krishnaksays has more htt‚Ä¶
2020-03-21 23:59:51,"RT @ErikSolheim: Bravo!
South Korea üá∞üá∑ has set up ‚Äòphone booths‚Äô that can test people for the coronavirus in just 7 minutes. The country ha‚Ä¶"
2020-03-21 23:59:51,"Coronavirus update, Europe:

- Turkey: 277 new cases
- Portugal: 260 new cases
- Norway: 164 new cases
- Czechia: 1‚Ä¶ https://t.co/vb6a0nCKSp"
2020-03-21 23:59:51,RT @jappoffjones: Coronavirus Florida: Lake Worth Beach city commission meeting turns ugly https://t.co/bEzaULPOy3
2020-03-21 23:59:51,RT @samkarlin: New: Louisiana now has 763 known cases of coronavirus and 20 deaths. #lalege #lagov
2020-03-21 23:59:51,"RT @MiekeEoyang: What a difference early intervention makes.

Kentucky started its social distancing measures about a week before Tennessee‚Ä¶"
2020-03-21 23:59:51,"RT @JDScholten: Rural hospitals need ventilators, masks, test kits, ICU beds, and more resources now. https://t.co/QTn0TvAa9U"
2020-03-21 23:59:51,"RT @CAPAction: TRUMP JUST NOW: ‚ÄúI didn‚Äôt act late. I acted early. I acted far before anybody thought I should be.‚Äù

REALITY: Intel official‚Ä¶"
2020-03-21 23:59:51,"RT @cynthiamckinney: Mr. President, This DoJ is still the swamp and until it's been thoroughly sanitized and fumigated, it does not need AD‚Ä¶"
2020-03-21 23:59:51,RT @jojojoanaaaa: ive heard the word ‚Äòcoronavirus‚Äô this week more than I‚Äôve heard my name my whole life
2020-03-21 23:59:51,RT @Nigel_Farage: It is time we all challenged the Chinese regime. Enough is enough. https://t.co/OlWUrvP09O
2020-03-21 23:59:51,RT @VVNews: #BigBear Lake Mayor test positive for #coronavirus https://t.co/fJA9lNmrDK https://t.co/6yeY8Ehf8l
2020-03-21 23:59:51,"RT @trumptrain1111: Article says more people concerned 
about government actions impacting economy than concerned about virus.

What do u t‚Ä¶"
2020-03-21 23:59:51,"RT @joyclee: L.A. County gives up on containing coronavirus, tells doctors to skip testing of some patients https://t.co/bilyrKzahA https:/‚Ä¶"
2020-03-21 23:59:51,"RT @NorbertElekes: Coronavirus deaths reported:

China: 3,255 (in 10 weeks)

Italy: 4,825 (in 4 weeks)"
2020-03-21 23:59:51,RT @iatemuggles: twin babies chatting about coronavirus https://t.co/3AH3Jk3v5f
2020-03-21 23:59:51,"RT @misayeon: Tzuyu donated supplies to schools in Cambodia, volunteered there, donated to students at her middle school, donated to 2 coun‚Ä¶"
2020-03-21 23:59:51,"RT @RVAwonk: WHO made an infograph highlighting their guidance on #COVID19 mask-wearing.

For general population, they recommend masks for‚Ä¶"
2020-03-21 23:59:51,RT @jappoffjones: Coronavirus Florida: Lake Worth Beach city commission meeting turns ugly https://t.co/bEzaULPOy3
2020-03-21 23:59:51,RT @timhatfield87: SA Labor Leader @PMalinauskasMP has called on the Premier @marshall_steven to close South Australia‚Äôs borders to all non‚Ä¶
2020-03-21 23:59:51,"RT @RepAdamSchiff: We need to bring people together to fight Coronavirus.

Blaming China may seem like good politics, but it doesn‚Äôt solve‚Ä¶"
2020-03-21 23:59:51,RT @patmcguinness: @JoeBiden Would be better to show a unified front on this war against the Coronavirus than politicizing this right now.‚Ä¶
2020-03-21 23:59:51,"RT @jxeker: hate that ‚Äúshortness of breath‚Äù is a coronavirus symptom, every time i get to the top of the stairs i think i‚Äôve got it then i‚Ä¶"
2020-03-21 23:59:51,"RT @Squill_whispers: Republican Senator dumped 3.1 million in stocks, weeks after she said the Economy was strong! So why did you dump thes‚Ä¶"
2020-03-21 23:59:51,"RT @AP_Sports: The Louisiana Derby, the rare American sporting event not called off because of the coronavirus pandemic, was run in front o‚Ä¶"
2020-03-21 23:59:51,"RT @KySportsRadio: Look at the difference between how the Kentucky Governor and Tennessee Governor handled the Coronavirus

And look at the‚Ä¶"
2020-03-21 23:59:51,@PearyHelen @MuchCwtchly @BorisJohnson @piersmorgan @BenMLake We have limited intensive care beds majority are alre‚Ä¶ https://t.co/8zBzviZlGL
2020-03-21 23:59:51,"RT @hailiebabbby: me two weeks ago: holy shit the coronavirus in china is crazy 

me now: holy shit i‚Äôm unemployed"
2020-03-21 23:59:51,"RT @RealJamesWoods: I don‚Äôt know you, Mike, but this is one of the most significant document revelations I‚Äôve seen during this whole crisis‚Ä¶"
2020-03-21 23:59:51,"RT @hyacinthgrrl: You've been exposed to COVID-19; also, you're fired. And your health ins runs out at the end of the month. Byeeeeeee 
htt‚Ä¶"
2020-03-21 23:59:51,#Coronavirus conspiracy theorists make me feel bloated and farty. #CoronavirusPandemic #StaySafeStayHome #QuaratineLife
2020-03-21 23:59:51,RT @teckworks: So my state of PA was sick of GameStop's bullshit so they just pulled their business license and forced them to shut down st‚Ä¶
2020-03-21 23:59:51,RT @nationaltrust: We‚Äôve taken the decision to close our parks and gardens to restrict the spread of coronavirus. Our countryside and coast‚Ä¶
2020-03-21 23:59:51,"RT @piersmorgan: 18 days ago...
""I am shaking hands. I was at a hospital the other night where I think there were coronavirus patients and‚Ä¶"
2020-03-21 23:59:51,RT @funder: Trump blames China for his slow response to coronavirus. Then says Dr. Fauci would liked to have known earlier from China about‚Ä¶
2020-03-21 23:59:51,"https://t.co/MTieTAO5F4

Why everyone love and fool to trust on Anti-India, Anti-Hindu sources. Why UP gov is takin‚Ä¶ https://t.co/UR5vB3D9MU"
2020-03-21 23:59:51,"RT @washingtonpost: U.S. hospitals are warning that they are so strapped for cash that without some financial relief, they will be unable t‚Ä¶"
2020-03-21 23:59:51,RT @PodSaveAmerica: There it is. Trump admits he has NOT used the Defense Production Act to get companies to produce the amount of protecti‚Ä¶
2020-03-21 23:59:51,RT @spectatorindex: JUST IN: Paolo Maldini and his son test positive for coronavirus
2020-03-21 23:59:51,RT @Independent: Private companies ready to provide free coronavirus testing for frontline NHS staff https://t.co/rm02doXBnc
2020-03-21 23:59:51,"RT @jxeker: hate that ‚Äúshortness of breath‚Äù is a coronavirus symptom, every time i get to the top of the stairs i think i‚Äôve got it then i‚Ä¶"
2020-03-21 23:59:51,"RT @mefeater: Rihanna has donated $5 million dollars through her Clara Lionel foundation to fight coronavirus. 
This money will go towards‚Ä¶"
2020-03-21 23:59:50,"RT @gbroh10: CHINA'S DIGITAL ‚ÄòWU MAO‚Äô ARMY TARGET TRUMP OVER CORONAVIRUS @RaheemKassam 

#BanWuMao

""Yesterday I detailed how real-life bot‚Ä¶"
2020-03-21 23:59:50,"RT @blysx: Illinois and Florida are in the top 6 for Coronavirus cases in the USA.

A few days ago The Democrats held primaries in those st‚Ä¶"
2020-03-21 23:59:50,RT @PressSec: THREAD: This has been a week of national action &amp; national solidarity. President @realDonaldTrump is mobilizing our entire co‚Ä¶
2020-03-21 23:59:50,RT @SteveDeaceShow: Unbelievable ‚Äî Italy admits it had overestimated its death rate from #coronavirus. And Germany‚Äôs death rate is only 0.3‚Ä¶
2020-03-21 23:59:50,RT @jappoffjones: Coronavirus Florida: Lake Worth Beach city commission meeting turns ugly https://t.co/bEzaULPOy3
2020-03-21 23:59:50,"RT @muftimenk: There are still people who aren‚Äôt taking this #coronavirus outbreak seriously. Remember, it‚Äôs not just about you. Spare a th‚Ä¶"
2020-03-21 23:59:50,RT @AthertonNWales: I‚Äôm going back - go to https://t.co/S3qDBZ9prZ join the temporary register today! https://t.co/GfXWQIfXhu
2020-03-21 23:59:50,"RT @ULLafayette: We also have counselors on campus that students can turn to. Sessions are available by phone, visit https://t.co/ifVDqGYLb‚Ä¶"
2020-03-21 23:59:50,"RT @NYGovCuomo: Younger people listen up: 55% of NYS #Coronavirus cases are ages 18-49.

Young people aren‚Äôt invincible. You can get this a‚Ä¶"
2020-03-21 23:59:50,What if I get sick? Coronavirus adds new anxieties for pregnant women https://t.co/bvvByUzfmT
2020-03-21 23:59:50,"RT @guardian: Bluff, bombast and blame is all that Donald Trump can offer in this crisis | Nick Cohen https://t.co/xnUmmNrtdd"
2020-03-21 23:59:50,RT @essenviews: Lindsey Graham is trying to talk Trump out of coronavirus relief checks for Americans... https://t.co/9WvNUvr89a
2020-03-21 23:59:50,"RT @mikefarb1: We all need to keep an eye on this. This is an extended power reach that we need more info on. 

DOJ seeks new emergency pow‚Ä¶"
2020-03-21 23:59:50,RT @sarahdigresses: North Manchester General Hospital Infectious Diseases ward team is here for you. Please stay home for us! @NorthMcrCO_N‚Ä¶
2020-03-21 23:59:50,Can the Power of Prayer Alone Stop a Pandemic like the Coronavirus? Even the Prophet Muhammad Thought Otherwise | O‚Ä¶ https://t.co/wSRLUiDh7y
2020-03-21 23:59:50,RT @Crimealytics: There are 763 known coronavirus cases in Louisiana and 413 in Orleans Parish as of 5:30 PM. That's a gain of 42% and 28.2‚Ä¶
2020-03-21 23:59:50,"RT @glyn1123: Loblaw, Metro announce pay boost for staff during COVID-19 pandemic https://t.co/8xGX2cmVVW #covid19Canada"
2020-03-21 23:59:50,"RT @misayeon: Tzuyu donated supplies to schools in Cambodia, volunteered there, donated to students at her middle school, donated to 2 coun‚Ä¶"
2020-03-21 23:59:50,RT @TIME: ‚ÄúI don‚Äôt know what you‚Äôre thinking.‚Äù The head of a visiting Chinese Red Cross delegation helping Italy respond to the coronavirus‚Ä¶
2020-03-21 23:59:50,"RT @mefeater: Rihanna has donated $5 million dollars through her Clara Lionel foundation to fight coronavirus. 
This money will go towards‚Ä¶"
2020-03-21 23:59:50,"RT @RyanMaue: ""In the likely epicenter of the virus -- the so-called wet-markets of Wuhan, China -- where wild animals are held captive tog‚Ä¶"
2020-03-21 23:59:50,RT @JoyceWhiteVance: I know you've seen the advice cautioning you to pay attention to what AG Barr does to further damage the rule of law w‚Ä¶
